u	v	similarity
0	34	0.4169751944
0	36	0.3535533906
0	103	0.3874921291
0	176	0.3015113446
0	181	0.4330127019
0	212	0.3563483225
0	244	0.3891448211
0	277	0.1054092553
0	281	0.4225001482
0	283	0.1825741858
0	299	0.4811252243
0	302	0.3865006029
0	320	0.5406205059
0	370	0.3012320380
0	371	0.4785366130
0	421	0.5407380704
0	433	0.3698001308
1	16	0.2619684160
1	33	0.2911616158
1	40	0.5134360308
1	43	0.2970442629
1	48	0.4123105626
1	56	0.0885614886
1	90	0.3001225240
1	112	0.3131121455
1	136	0.3529411765
1	149	0.4218307439
1	154	0.2378257471
1	190	0.1771229771
1	196	0.1212678125
1	197	0.2079725827
1	208	0.1616904167
1	209	0.2572478777
1	221	0.3188740696
1	259	0.3208444740
1	262	0.2169304578
1	268	0.3985266985
1	275	0.2291746243
1	286	0.2291746243
1	309	0.2378257471
1	363	0.3542459542
1	387	0.2853908965
1	393	0.0786889475
1	403	0.2068350760
1	407	0.2911616158
1	428	0.3619613830
1	431	0.3542459542
1	434	0.4501837860
1	456	0.2970442629
1	488	0.3630540991
2	9	0.4024922359
2	11	0.3411211462
2	15	0.3713906764
2	34	0.2993820797
2	38	0.0816496581
2	53	0.3927922024
2	60	0.2236067977
2	78	0.3491486244
2	103	0.2959181771
2	162	0.0942809042
2	181	0.3674234614
2	200	0.3771236166
2	212	0.4787549991
2	216	0.3207134903
2	231	0.3500000000
2	244	0.4826004826
2	369	0.4129483210
2	371	0.4997560380
2	373	0.4685212857
2	433	0.3137858162
2	434	0.0500000000
2	463	0.4131182236
2	487	0.1109400392
2	492	0.4314554973
3	26	0.3396831102
3	39	0.5188745217
3	56	0.4050957468
3	65	0.5084751799
3	74	0.4351426346
3	103	0.0644825880
3	119	0.1087856586
3	121	0.5399055248
3	124	0.3668996929
3	134	0.4895354639
3	151	0.6582805886
3	152	0.4895354639
3	173	0.5700877125
3	242	0.5095246654
3	250	0.4902903378
3	280	0.5765566602
3	337	0.4193139347
3	366	0.3547874376
3	382	0.5700877125
3	392	0.5017452060
3	402	0.4557327152
3	447	0.5826856326
3	464	0.5063696835
3	476	0.4730499168
3	477	0.0877058019
4	5	0.4518480571
4	100	0.4264014327
4	105	0.5345224838
4	109	0.5345224838
4	115	0.4743416490
4	118	0.4797016118
4	130	0.1185854123
4	249	0.1599005373
4	278	0.4124789557
4	291	0.4861359121
4	321	0.2236067977
4	381	0.4330127019
4	394	0.4351941399
4	397	0.2132007164
4	489	0.3750000000
5	20	0.0837707817
5	35	0.1556997888
5	100	0.3302891295
5	109	0.4830458915
5	118	0.3302891295
5	224	0.3450327797
5	271	0.3554093267
5	304	0.5196152423
5	364	0.3580574370
5	394	0.4494665750
5	411	0.4082482905
5	489	0.3872983346
5	495	0.3872983346
6	10	0.3175536744
6	24	0.2504897164
6	35	0.2925089697
6	61	0.3834824944
6	71	0.4200840252
6	93	0.2100420126
6	146	0.4850712501
6	162	0.4573295604
6	170	0.3757345747
6	178	0.0970142500
6	256	0.2690691176
6	262	0.1533929978
6	267	0.3656362121
6	347	0.3834824944
6	393	0.5564148841
6	454	0.1176470588
7	15	0.2971125411
7	34	0.4354648432
7	53	0.3491486244
7	60	0.2683281573
7	89	0.1897366596
7	98	0.4364357805
7	181	0.4490731195
7	212	0.5039526307
7	214	0.3530090432
7	216	0.4276179871
7	244	0.5080005080
7	267	0.1206045378
7	299	0.2857738033
7	302	0.4472135955
7	307	0.4919349550
7	311	0.4437601570
7	322	0.4365641251
7	370	0.2921186973
7	433	0.3530090432
7	449	0.5163977795
7	457	0.4000000000
7	468	0.4437601570
7	479	0.3130495168
7	492	0.3530090432
8	25	0.1336306210
8	47	0.5863019700
8	72	0.5547001962
8	106	0.3872983346
8	161	0.5345224838
8	164	0.3466876226
8	172	0.5163977795
8	188	0.0870388280
8	215	0.3872983346
8	220	0.6063390626
8	243	0.4743416490
8	316	0.3608439182
8	414	0.4008918629
8	416	0.4522670169
8	441	0.4797016118
9	15	0.4567501392
9	36	0.3913118961
9	103	0.4411287733
9	176	0.1430193884
9	210	0.4500000000
9	212	0.4789207443
9	217	0.3730019233
9	244	0.4827675591
9	281	0.4867085842
9	302	0.3333333333
9	320	0.3730019233
9	352	0.1240347346
9	369	0.4616902584
9	371	0.4889012070
9	453	0.4041451884
9	457	0.4472135955
9	492	0.4823819106
9	494	0.5031152949
10	40	0.0593913871
10	51	0.1815682598
10	58	0.4763305116
10	63	0.3947710170
10	75	0.4123930494
10	135	0.4140393356
10	142	0.3779644730
10	146	0.4800793585
10	164	0.1210455065
10	186	0.0855920985
10	188	0.5318160235
10	198	0.1058512248
10	267	0.5263613560
10	314	0.2182178902
10	347	0.4140393356
10	374	0.5447047794
10	384	0.3026137663
10	393	0.4005009395
10	443	0.4707565418
11	15	0.2771326539
11	34	0.4351941399
11	169	0.4264014327
11	175	0.4136701520
11	176	0.3181818182
11	181	0.3916747259
11	212	0.4566330129
11	244	0.4332242889
11	265	0.0628694613
11	281	0.3821657633
11	299	0.3916747259
11	302	0.4131671220
11	320	0.4445542245
11	333	0.4103049699
11	363	0.1651445648
11	371	0.4661490107
11	420	0.1285648693
11	421	0.4402043892
11	445	0.4558423058
11	453	0.4954336943
12	31	0.4049155956
12	43	0.2041241452
12	53	0.1028689000
12	136	0.3233808334
12	175	0.1143323901
12	182	0.0912870929
12	300	0.3438070821
12	361	0.4260064336
12	399	0.2721655270
12	403	0.3553345273
12	407	0.3429971703
12	430	0.3233808334
12	434	0.2357022604
12	439	0.1212678125
12	446	0.3638034376
12	455	0.3149703942
12	466	0.4409585518
13	43	0.3086066999
13	59	0.2672612419
13	112	0.2439750182
13	119	0.2223747950
13	208	0.2519763153
13	213	0.4447495900
13	253	0.2964997267
13	275	0.3571428571
13	300	0.2728884115
13	329	0.2314550249
13	366	0.1611645928
13	431	0.2760262237
13	434	0.2338535867
14	161	0.4029114820
14	164	0.4181210050
14	172	0.4670993665
14	207	0.4545454545
14	288	0.1672484020
14	294	0.5640760748
14	414	0.4029114820
14	418	0.4181210050
14	441	0.5142594772
14	485	0.4834937784
15	32	0.3167230330
15	166	0.2906591795
15	167	0.2626128657
15	202	0.0958926603
15	210	0.3321819194
15	212	0.4679082709
15	214	0.3277606683
15	244	0.5424166252
15	250	0.1392715036
15	251	0.3152641444
15	281	0.5468445895
15	283	0.0958926603
15	298	0.3063816767
15	369	0.3834128906
15	371	0.4350110929
15	373	0.4350110929
15	380	0.2799462555
15	419	0.2397316507
15	433	0.4734320765
15	449	0.4315169713
15	450	0.3216337605
15	457	0.4642383454
15	480	0.0958926603
15	494	0.3713906764
16	22	0.2519763153
16	31	0.3407990883
16	40	0.2969569355
16	48	0.4011887099
16	51	0.1210455065
16	62	0.2646280620
16	87	0.3944053189
16	160	0.0872871561
16	165	0.3527378108
16	208	0.3086066999
16	248	0.3333333333
16	259	0.4665694748
16	361	0.3944053189
16	399	0.3779644730
16	408	0.2581988897
16	432	0.3947710170
16	434	0.4364357805
16	479	0.1463850109
16	490	0.4137945592
17	91	0.1906925178
17	122	0.4834937784
17	127	0.3015113446
17	344	0.4974683382
17	348	0.4264014327
17	378	0.1672484020
17	386	0.4387634545
17	388	0.3656362121
17	477	0.4045199175
17	478	0.5039032599
18	91	0.2449489743
18	117	0.4140393356
18	129	0.4260064336
18	214	0.1012739367
18	239	0.1632993162
18	240	0.3903600292
18	274	0.1432229748
18	285	0.5728918992
18	344	0.4260064336
18	372	0.2000000000
18	386	0.5009794329
18	477	0.4618802154
18	478	0.3835706412
18	491	0.1490711985
19	80	0.4780914437
19	84	0.6454972244
19	86	0.4518480571
19	88	0.4341215711
19	104	0.3370999312
19	105	0.1195228609
19	116	0.3726779962
19	120	0.4341215711
19	144	0.4183300133
19	211	0.6668859289
19	219	0.4518480571
19	235	0.4961389384
19	239	0.5656854249
19	270	0.7460038466
19	340	0.5196152423
19	341	0.4949747468
19	355	0.4341215711
19	396	0.5378528742
19	470	0.1154700538
20	95	0.3649981975
20	101	0.4866642634
20	113	0.3541002639
20	138	0.4543108504
20	139	0.0978231976
20	148	0.0899842541
20	155	0.5353033790
20	157	0.3973597071
20	159	0.3721614638
20	180	0.4058538517
20	182	0.5654527762
20	186	0.4135850959
20	194	0.3244428423
20	199	0.4247953952
20	204	0.3112715087
20	205	0.4616902584
20	218	0.2838874870
20	228	0.3264643125
20	229	0.3901994863
20	241	0.3244428423
20	258	0.3901994863
20	259	0.0867109970
20	264	0.3804429551
20	295	0.4188539083
20	313	0.3034884893
20	315	0.3468439878
20	318	0.3441236008
20	325	0.3278050341
20	338	0.3034884893
20	389	0.3264643125
20	398	0.3349453174
20	420	0.3423811916
20	436	0.3149448895
20	439	0.4451319073
20	469	0.2409900933
20	478	0.1204950466
21	76	0.4629100499
21	80	0.4629100499
21	88	0.4003203845
21	104	0.3481553119
21	144	0.6172133998
21	180	0.1111111111
21	211	0.5960395607
21	239	0.4564354646
21	270	0.6019292654
21	340	0.4472135955
21	396	0.5400617249
22	25	0.1543033500
22	31	0.4057513356
22	38	0.2946278255
22	59	0.2886751346
22	136	0.3960590172
22	158	0.2144225070
22	184	0.3481553119
22	434	0.2886751346
22	446	0.1980295086
22	460	0.3481553119
23	95	0.3849001795
23	101	0.4123930494
23	138	0.3772776389
23	180	0.4074074074
23	182	0.5217491947
23	185	0.3628873693
23	186	0.2641979746
23	192	0.2981423970
23	196	0.3175264481
23	204	0.4103049699
23	232	0.2405626122
23	241	0.3849001795
23	246	0.3736323589
23	258	0.4114755999
23	326	0.5143444999
23	371	0.0901669635
23	373	0.0901669635
23	379	0.2800560168
23	385	0.5283959493
23	389	0.4303314829
23	412	0.2858966760
23	420	0.2901294266
23	424	0.3636964837
23	439	0.4290639353
23	469	0.3573708449
23	470	0.3478327965
24	54	0.3450327797
24	58	0.3131121455
24	126	0.1126872340
24	135	0.4082482905
24	146	0.4647580015
24	188	0.4045199175
24	212	0.0650600049
24	235	0.1432229748
24	298	0.1217161239
24	384	0.2864459496
24	393	0.4146442144
24	423	0.1380131119
24	443	0.3038218101
25	27	0.3889222341
25	45	0.5345224838
25	66	0.4029114820
25	88	0.1482498633
25	139	0.4029114820
25	153	0.1428571429
25	177	0.4225771274
25	203	0.3223291856
25	279	0.2592814894
25	284	0.2314550249
25	287	0.4447495900
26	29	0.4213504858
26	65	0.4082482905
26	128	0.0793051586
26	152	0.5604485383
26	159	0.1324532357
26	173	0.3227486122
26	282	0.3726779962
26	392	0.4308202184
26	421	0.1324532357
26	440	0.2401922307
27	45	0.4850712501
27	51	0.3363363970
27	64	0.4900980294
27	139	0.3656362121
27	163	0.3889222341
27	178	0.0970142500
27	203	0.5118906969
27	230	0.4200840252
27	276	0.3363363970
27	287	0.3363363970
27	288	0.4036036764
27	328	0.3500700210
27	333	0.0933520056
27	348	0.1143323901
27	499	0.3500700210
28	54	0.2964997267
28	75	0.3144854510
28	148	0.2307692308
28	162	0.3922322703
28	170	0.3580574370
28	188	0.3862436397
28	245	0.1601281538
28	321	0.1240347346
28	384	0.3076923077
28	443	0.3263569759
28	448	0.1210455065
28	489	0.2080125736
29	39	0.5910828047
29	46	0.4458225701
29	56	0.3230291412
29	63	0.1257389227
29	65	0.4914731872
29	74	0.5204834388
29	121	0.4783648732
29	124	0.4458225701
29	173	0.3263766829
29	282	0.4307055216
29	317	0.0982946374
29	337	0.3900947488
29	376	0.3475240234
29	382	0.4662524041
29	392	0.5334650694
29	394	0.0725954009
29	440	0.5204834388
29	447	0.5808023195
29	461	0.5015503913
29	491	0.5417363389
29	493	0.4783648732
30	40	0.3300491810
30	43	0.3150630189
30	62	0.2941176471
30	87	0.4383570038
30	103	0.0797452223
30	104	0.1462544848
30	136	0.2495670992
30	141	0.2941176471
30	149	0.3796283012
30	165	0.2613641051
30	202	0.3757345747
30	300	0.2830196551
30	329	0.3500700210
30	431	0.4383570038
30	434	0.3334864844
30	455	0.3889222341
31	33	0.3030216076
31	38	0.3506671922
31	48	0.4196397991
31	59	0.1952172024
31	87	0.2822672435
31	112	0.3136462717
31	136	0.3749701088
31	141	0.3030216076
31	184	0.2354408047
31	188	0.0815590872
31	190	0.3629150273
31	197	0.2651439067
31	198	0.0757554019
31	202	0.2419433516
31	208	0.2208630521
31	209	0.2342606428
31	213	0.2598888491
31	221	0.3167782064
31	225	0.3225911354
31	226	0.2598888491
31	248	0.2726392706
31	309	0.3032036573
31	329	0.2705008904
31	361	0.3225911354
31	403	0.1883526437
31	407	0.4166547105
31	410	0.3407990883
31	430	0.4285372672
31	434	0.5075647261
31	435	0.0716574364
31	446	0.3749701088
31	455	0.3339135485
31	456	0.2254174087
31	466	0.3339135485
31	473	0.3465184655
31	486	0.3123475238
31	490	0.4556056890
32	34	0.3191423693
32	60	0.3813850357
32	73	0.0978231976
32	78	0.2791452631
32	103	0.3154498368
32	169	0.4797016118
32	205	0.0674199862
32	212	0.5103545439
32	216	0.5698028823
32	244	0.4603008069
32	281	0.4367608723
32	302	0.4449492083
32	322	0.4136701520
32	370	0.3503245249
32	371	0.4994453687
32	373	0.4994453687
32	449	0.5504818826
32	468	0.5321811564
32	479	0.4290581652
32	496	0.3418817294
33	85	0.3131121455
33	112	0.2656844657
33	209	0.3031695313
33	213	0.3363363970
33	223	0.1345345588
33	264	0.1034175380
33	296	0.0715198540
33	309	0.4036036764
33	321	0.1084652289
33	387	0.2690691176
33	408	0.2459760185
33	422	0.2100420126
33	430	0.2911616158
33	434	0.3031695313
34	36	0.3061862178
34	53	0.4454354032
34	78	0.3563483225
34	98	0.5048267903
34	99	0.0721687836
34	128	0.0747696205
34	138	0.0571661950
34	166	0.3651483717
34	176	0.4351941399
34	181	0.4444444444
34	210	0.3347193407
34	212	0.6515030332
34	214	0.4536964358
34	217	0.3972530477
34	231	0.3742275996
34	237	0.1020620726
34	244	0.6740186016
34	251	0.2970442629
34	281	0.6795208855
34	292	0.0710669055
34	298	0.4490502094
34	299	0.5000000000
34	302	0.5477225575
34	307	0.4868644956
34	310	0.4803844614
34	311	0.3774256780
34	312	0.3636964837
34	317	0.3849001795
34	320	0.4256282654
34	322	0.3960590172
34	330	0.3513641845
34	333	0.4975936608
34	367	0.3960590172
34	370	0.4223683957
34	371	0.5525664847
34	380	0.2872134790
34	409	0.4216370214
34	415	0.3513641845
34	419	0.3513641845
34	435	0.3434147976
34	437	0.3273268354
34	445	0.3273268354
34	450	0.3535533906
34	453	0.3162277660
34	468	0.4151682459
34	492	0.4270084101
34	494	0.3061862178
34	495	0.0680413817
35	54	0.4029114820
35	58	0.4387634545
35	146	0.4824181513
35	188	0.4198911049
35	314	0.2010075631
35	393	0.4842001247
35	443	0.3547874376
35	451	0.5720775535
36	88	0.1386750491
36	103	0.4109974683
36	244	0.4445004445
36	281	0.4161198598
36	310	0.3922322703
36	333	0.2405626122
36	348	0.1178511302
36	373	0.2342606428
36	409	0.3872983346
36	457	0.5000000000
36	463	0.3227486122
36	492	0.3432032365
37	64	0.4003203845
37	128	0.0761939318
37	162	0.1307440901
37	163	0.3706246583
37	230	0.4003203845
37	279	0.4036036764
37	284	0.4003203845
37	287	0.2307692308
37	288	0.3846153846
37	344	0.1307440901
37	465	0.3466876226
37	499	0.4003203845
38	43	0.2946278255
38	48	0.4041451884
38	83	0.4003203845
38	136	0.3850770231
38	158	0.3411441196
38	186	0.0800640769
38	193	0.3481553119
38	197	0.3465516400
38	221	0.3105295017
38	233	0.4082482905
38	247	0.1178511302
38	300	0.3572948005
38	309	0.2830692585
38	390	0.3273268354
38	393	0.0936585812
38	408	0.3795360576
38	455	0.4364357805
38	459	0.2727723628
38	486	0.3572172542
38	490	0.2977456671
39	46	0.4040610178
39	56	0.3903600292
39	65	0.4899789435
39	101	0.0539949247
39	124	0.5050762723
39	151	0.5367450401
39	173	0.5070925528
39	194	0.0944911183
39	242	0.4364357805
39	280	0.4545686450
39	282	0.3903600292
39	293	0.0944911183
39	301	0.1010152545
39	365	0.4008918629
39	382	0.5070925528
39	392	0.4834937784
39	402	0.3903600292
39	440	0.4193139347
39	445	0.1010152545
39	447	0.5965830454
39	457	0.0944911183
39	461	0.4040610178
39	476	0.3418817294
39	491	0.4909902530
39	493	0.4769104832
40	43	0.5696137960
40	48	0.5196152423
40	87	0.3865006029
40	90	0.3061862178
40	112	0.3726779962
40	120	0.1132277034
40	136	0.3267320196
40	149	0.3955774026
40	183	0.2970442629
40	190	0.3513641845
40	197	0.2640393448
40	202	0.2108185107
40	212	0.0342896333
40	220	0.0660098362
40	221	0.4830458915
40	225	0.2459549291
40	226	0.3396831102
40	248	0.2375655484
40	253	0.1887128390
40	255	0.2461829820
40	259	0.3636964837
40	262	0.2581988897
40	283	0.0702728369
40	329	0.3142696805
40	346	0.3019405424
40	361	0.2810913476
40	363	0.3162277660
40	375	0.3061862178
40	387	0.2641979746
40	390	0.2545875386
40	395	0.3207501495
40	403	0.2051524850
40	410	0.3563483225
40	422	0.2749859705
40	428	0.3282439759
40	431	0.3865006029
40	434	0.5443310540
40	440	0.0754851356
40	444	0.2182178902
40	446	0.3734080224
40	456	0.2357022604
40	459	0.4000661321
40	460	0.2461829820
40	466	0.2545875386
40	471	0.3012320380
40	473	0.3396831102
40	486	0.2381448361
40	488	0.3404588206
40	490	0.4962427785
41	80	0.2964997267
41	88	0.3076923077
41	104	0.3344968040
41	120	0.3076923077
41	219	0.2401922307
41	269	0.1345345588
41	270	0.4048204524
41	276	0.1538461538
41	355	0.3846153846
41	370	0.1012739367
41	396	0.3706246583
41	427	0.0682788742
42	105	0.5000000000
42	109	0.3571428571
42	110	0.4447495900
42	118	0.3988620176
42	233	0.1336306210
42	271	0.4291975376
42	277	0.4183300133
42	278	0.5039526307
42	291	0.4252100321
42	321	0.4780914437
42	394	0.4187178947
42	482	0.1611645928
42	487	0.3706246583
43	48	0.5307227776
43	59	0.2525907428
43	60	0.0968245837
43	83	0.3679900361
43	87	0.2608745974
43	99	0.0510310363
43	112	0.3952847075
43	149	0.3550234734
43	165	0.3888568855
43	183	0.3500700210
43	193	0.2769558547
43	202	0.3354101966
43	213	0.2401922307
43	226	0.2802242692
43	233	0.2886751346
43	249	0.0615457455
43	275	0.2700308624
43	286	0.2314550249
43	322	0.1050210063
43	329	0.3333333333
43	346	0.3602883461
43	361	0.2981423970
43	363	0.3354101966
43	375	0.2886751346
43	379	0.0700140042
43	387	0.3602883461
43	390	0.3471825374
43	406	0.3481553119
43	408	0.4879500365
43	410	0.2834733548
43	422	0.2500000000
43	430	0.4703200829
43	431	0.4099457959
43	444	0.2314550249
43	446	0.4208127058
43	459	0.4629100499
43	460	0.2175970699
43	466	0.3471825374
43	471	0.2738612788
43	488	0.4166666667
43	490	0.4421297586
44	55	0.0970142500
44	111	0.0970142500
44	182	0.4389381126
44	186	0.2745625892
44	192	0.2065591118
44	205	0.2846049894
44	218	0.1500000000
44	228	0.2683281573
44	229	0.3207134903
44	246	0.2773500981
44	282	0.1032795559
44	283	0.2581988897
44	295	0.3098386677
44	326	0.3207134903
44	359	0.2000000000
44	389	0.3130495168
44	412	0.3713906764
44	417	0.3328201177
44	420	0.2412090757
44	423	0.2672612419
44	424	0.2645751311
44	439	0.2743977362
44	446	0.0685994341
44	469	0.3342516087
45	51	0.3466876226
45	64	0.5773502692
45	66	0.3768891807
45	177	0.3952847075
45	203	0.4522670169
45	276	0.4853626717
45	279	0.4244373438
45	284	0.5051814855
45	288	0.4853626717
45	351	0.4375000000
45	362	0.1336306210
45	458	0.4008918629
45	465	0.6250000000
46	65	0.3149703942
46	74	0.2964997267
46	113	0.1944611171
46	114	0.3779644730
46	138	0.1122721783
46	172	0.1380131119
46	179	0.1380131119
46	282	0.4830458915
46	402	0.2760262237
46	440	0.3706246583
46	461	0.3571428571
47	52	0.4403855061
47	106	0.4403855061
47	124	0.1139605765
47	144	0.1139605765
47	164	0.4730499168
47	172	0.6055300708
47	174	0.5863019700
47	207	0.5142594772
47	215	0.5504818826
47	220	0.5170876900
47	243	0.3370999312
47	264	0.0909090909
47	289	0.6605782591
47	294	0.5128225941
47	316	0.4923659639
47	414	0.5698028823
47	418	0.5321811564
47	441	0.6363636364
47	481	0.5142594772
47	485	0.5698028823
48	62	0.3772968873
48	68	0.0730296743
48	83	0.3605551275
48	112	0.3614784456
48	131	0.0632455532
48	141	0.3086974533
48	149	0.3794733192
48	154	0.3530090432
48	158	0.2888741523
48	213	0.3137858162
48	221	0.6215188769
48	223	0.2353393622
48	225	0.3286335345
48	226	0.3922322703
48	233	0.3535533906
48	255	0.2558408596
48	257	0.3478505426
48	259	0.4157609203
48	268	0.3651483717
48	300	0.4744537733
48	324	0.0648885685
48	361	0.3651483717
48	363	0.3286335345
48	375	0.2828427125
48	387	0.3137858162
48	399	0.3265986324
48	407	0.3429971703
48	408	0.4302822994
48	422	0.3674234614
48	430	0.4608176876
48	431	0.3286335345
48	432	0.2558408596
48	434	0.5126524164
48	444	0.3023715784
48	446	0.4123105626
48	455	0.3401680257
48	459	0.4535573676
48	463	0.0730296743
48	466	0.4157609203
48	471	0.3130495168
48	486	0.3181980515
48	488	0.5443310540
48	490	0.4744537733
49	81	0.2867696673
49	94	0.2795084972
49	99	0.4419417382
49	107	0.3535533906
49	132	0.3803837284
49	189	0.3922322703
49	227	0.4375000000
49	305	0.0912870929
49	306	0.4330127019
49	350	0.4178145109
49	357	0.4244373438
49	358	0.1666666667
49	401	0.3273268354
49	427	0.4308202184
49	472	0.3340765524
50	52	0.3757345747
50	92	0.3429971703
50	146	0.0970142500
50	161	0.3889222341
50	163	0.1296407447
50	164	0.3363363970
50	165	0.0871213684
50	174	0.3031695313
50	196	0.1143323901
50	215	0.3131121455
50	220	0.4117647059
50	243	0.3067859955
50	294	0.4537426065
50	316	0.3500700210
50	418	0.4036036764
50	441	0.5170876900
51	64	0.4003203845
51	68	0.2864459496
51	188	0.1448413649
51	236	0.2631174058
51	287	0.3076923077
51	291	0.1470871014
51	293	0.3466876226
51	465	0.4160251472
52	72	0.4296689244
52	106	0.4000000000
52	161	0.5520524475
52	172	0.5333333333
52	176	0.1100963765
52	215	0.4000000000
52	220	0.5009794329
52	369	0.1184697756
52	414	0.4140393356
52	434	0.0968245837
52	441	0.3853373178
52	443	0.1012739367
53	103	0.3228732015
53	104	0.1315903390
53	167	0.3471825374
53	210	0.4391550328
53	212	0.4673787893
53	214	0.3423683940
53	244	0.4157054966
53	251	0.4234048992
53	281	0.4190990672
53	307	0.4879500365
53	317	0.5657789499
53	322	0.3704792868
53	371	0.3748789971
53	373	0.4430388148
53	437	0.4665694748
53	463	0.4507489359
54	136	0.0916698497
54	137	0.4285714286
54	142	0.3086066999
54	146	0.4276179871
54	162	0.4409585518
54	188	0.5117663157
54	228	0.1195228609
54	256	0.2223747950
54	302	0.0796819073
54	393	0.4291975376
55	57	0.3363363970
55	271	0.3894904189
55	278	0.4573295604
55	291	0.5144957554
55	304	0.3796283012
55	321	0.4880935301
55	358	0.5659164584
55	362	0.3889222341
55	368	0.2352941176
55	377	0.5118906969
55	394	0.5066403971
55	411	0.3834824944
55	444	0.1296407447
55	489	0.3031695313
55	490	0.0707549138
56	121	0.4146442144
56	123	0.1490711985
56	164	0.1432229748
56	250	0.3872983346
56	365	0.3651483717
56	388	0.1252448582
56	402	0.3333333333
56	440	0.3580574370
56	447	0.4315169713
56	464	0.4000000000
57	118	0.2956561980
57	123	0.5604485383
57	187	0.1432229748
57	224	0.4447495900
57	247	0.4803844614
57	271	0.3817708578
57	277	0.4961389384
57	291	0.4902903378
57	318	0.1307440901
57	383	0.3508232077
57	394	0.4345240946
58	63	0.5850179393
58	75	0.3666793988
58	89	0.3834824944
58	137	0.4537426065
58	146	0.5820855001
58	148	0.4708709558
58	188	0.5910804633
58	267	0.5118906969
58	374	0.5381382352
58	427	0.0597081434
58	443	0.5707817930
58	451	0.4601789933
58	495	0.1212678125
59	85	0.2581988897
59	90	0.1875000000
59	131	0.1118033989
59	193	0.2132007164
59	202	0.3227486122
59	304	0.1118033989
59	308	0.2581988897
59	375	0.3125000000
59	399	0.2165063509
59	434	0.3437500000
59	488	0.2405626122
60	166	0.3500000000
60	210	0.3000000000
60	212	0.4507489359
60	217	0.2331262021
60	241	0.1677050983
60	244	0.4827675591
60	270	0.0932504808
60	281	0.4008188340
60	302	0.4000000000
60	320	0.2797514425
60	322	0.4338609156
60	373	0.3492151479
60	380	0.2696799450
60	421	0.3077935056
60	453	0.3464101615
61	142	0.3651483717
61	146	0.3162277660
61	188	0.3853373178
61	256	0.5262348116
61	314	0.3162277660
61	393	0.4352857501
61	443	0.3721042038
61	453	0.1632993162
62	141	0.4117647059
62	184	0.2193817272
62	221	0.3689640278
62	225	0.3131121455
62	253	0.2018018382
62	382	0.1084652289
62	395	0.4001633653
62	410	0.3175536744
62	434	0.3638034376
62	446	0.2495670992
62	455	0.3241018618
62	488	0.2800560168
62	490	0.2830196551
63	71	0.3481553119
63	137	0.4029114820
63	146	0.4824181513
63	148	0.5853694070
63	188	0.4723774930
63	297	0.1285648693
63	374	0.5853694070
64	203	0.5222329679
64	230	0.5000000000
64	248	0.1259881577
64	255	0.2611164839
64	288	0.4003203845
64	351	0.2886751346
64	465	0.5051814855
65	67	0.1005037815
65	89	0.1490711985
65	114	0.3333333333
65	121	0.5407380704
65	151	0.5477225575
65	152	0.3922322703
65	242	0.4762896722
65	327	0.1217161239
65	382	0.4743416490
65	392	0.6030226892
65	447	0.4814569205
65	493	0.4866642634
66	94	0.1348399725
66	177	0.4767312946
66	195	0.3813850357
66	230	0.2611164839
66	287	0.2508726030
66	288	0.3344968040
66	328	0.2611164839
66	410	0.1315903390
67	69	0.3813850357
67	93	0.1230914910
67	99	0.3768891807
67	111	0.2068350760
67	132	0.3992521028
67	145	0.2585438450
67	184	0.1285648693
67	198	0.4136701520
67	234	0.2068350760
67	263	0.3302891295
67	265	0.4400862294
67	306	0.3282439759
67	319	0.1928473040
67	339	0.3418817294
67	401	0.3256694736
67	427	0.3936479108
67	429	0.3077287274
67	454	0.2585438450
67	474	0.3547874376
67	491	0.1230914910
68	132	0.0906596828
68	139	0.3113995777
68	276	0.4296689244
68	279	0.5009794329
68	293	0.5163977795
68	328	0.3726779962
68	351	0.4518480571
68	396	0.1380131119
68	458	0.3450327797
68	465	0.5163977795
68	497	0.1256561725
68	499	0.3726779962
69	111	0.2711630723
69	132	0.3925679419
69	150	0.3557562368
69	153	0.2988071523
69	180	0.0860662966
69	198	0.4338609156
69	227	0.2795084972
69	252	0.3354101966
69	265	0.3296902367
69	290	0.1860521019
69	292	0.2724746305
69	296	0.3296902367
69	301	0.4183300133
69	315	0.1195228609
69	356	0.4618802154
69	361	0.1154700538
69	427	0.3578132237
69	474	0.4341215711
70	128	0.4300065818
70	132	0.4187391381
70	143	0.3577708764
70	150	0.5138701198
70	168	0.4780914437
70	171	0.3162277660
70	189	0.3508232077
70	204	0.1430193884
70	260	0.4338609156
70	265	0.3956282840
70	273	0.4472135955
70	292	0.3892494721
70	296	0.4285973077
70	356	0.4041451884
70	397	0.4290581652
70	427	0.3853373178
70	438	0.3913118961
70	462	0.1084652289
70	472	0.3585685828
71	148	0.4003203845
71	162	0.4762896722
71	170	0.4472135955
71	188	0.4522670169
71	256	0.4803844614
71	343	0.1825741858
71	393	0.4635863250
71	418	0.1601281538
71	443	0.3396831102
72	92	0.2941742027
72	161	0.3706246583
72	164	0.3076923077
72	172	0.5012804118
72	215	0.4296689244
72	243	0.3508232077
72	251	0.1345345588
72	287	0.1538461538
72	441	0.5913123960
72	485	0.3706246583
73	77	0.2225659536
73	96	0.4210526316
73	97	0.3504383220
73	99	0.3649981975
73	130	0.3264643125
73	131	0.3590924232
73	132	0.4564683715
73	133	0.3296342574
73	150	0.3244428423
73	228	0.1025978352
73	249	0.1956463952
73	296	0.3044295412
73	339	0.3678836037
73	350	0.2982100260
73	413	0.3554093267
73	427	0.3671086216
73	429	0.2649064714
74	121	0.5090278104
74	134	0.2307692308
74	136	0.1426954482
74	282	0.3580574370
74	337	0.2964997267
74	382	0.3100868365
74	392	0.4139186772
74	476	0.3344968040
74	493	0.3817708578
75	154	0.2096569673
75	393	0.3468439878
75	443	0.4447495900
76	86	0.3857583749
76	102	0.5345224838
76	120	0.2223747950
76	144	0.4285714286
76	211	0.5518254055
76	234	0.1296407447
76	235	0.4447495900
76	270	0.6130060338
76	334	0.3889222341
76	341	0.4225771274
76	396	0.6428571429
76	494	0.1336306210
77	81	0.2225659536
77	131	0.3253956867
77	132	0.4257997169
77	140	0.3796283012
77	143	0.2910427500
77	145	0.2352941176
77	189	0.1426954482
77	244	0.0616041104
77	265	0.3218393429
77	266	0.3500700210
77	352	0.3363363970
77	356	0.3131121455
77	454	0.3529411765
77	471	0.1533929978
77	497	0.2754113164
78	167	0.3086066999
78	172	0.1126872340
78	175	0.2117024496
78	187	0.1126872340
78	200	0.3600411499
78	212	0.3849001795
78	214	0.2995723448
78	217	0.2275078776
78	299	0.2672612419
78	324	0.1001252349
78	333	0.4199605256
78	367	0.5292561240
78	371	0.3407990883
78	373	0.4089589060
78	375	0.1091089451
78	435	0.3003757046
78	463	0.2817180849
79	99	0.2083333333
79	128	0.3237619541
79	130	0.3726779962
79	132	0.4413898073
79	147	0.3402069087
79	150	0.3333333333
79	171	0.3333333333
79	272	0.3042903097
79	294	0.1259881577
79	296	0.3822764258
79	332	0.3779644730
79	335	0.4472135955
79	352	0.3268602252
79	427	0.3771682546
79	438	0.4124789557
79	442	0.3726779962
79	474	0.3922322703
80	84	0.3857583749
80	144	0.4285714286
80	211	0.6131393395
80	334	0.3889222341
80	340	0.4140393356
80	346	0.1482498633
80	355	0.5188745217
80	396	0.5714285714
80	460	0.1611645928
80	493	0.1226278679
81	128	0.3466394204
81	132	0.4296172908
81	150	0.4055535528
81	168	0.3065696697
81	218	0.1147078669
81	249	0.1956463952
81	252	0.4014775343
81	273	0.2752988806
81	274	0.3181423815
81	296	0.3382550457
81	327	0.3554093267
81	345	0.4014775343
81	352	0.4453993341
81	404	0.3894904189
81	427	0.4235868710
81	472	0.4291975376
82	117	0.4830458915
82	122	0.4140393356
82	129	0.4868644956
82	158	0.0958926603
82	201	0.3333333333
82	237	0.4518480571
82	240	0.5855400438
82	344	0.5477225575
82	345	0.1290994449
82	348	0.4260064336
82	360	0.4518480571
82	386	0.3757345747
82	388	0.4383570038
82	400	0.5809475019
83	85	0.3038218101
83	90	0.2451451689
83	101	0.0840497722
83	112	0.4296689244
83	119	0.2719641466
83	136	0.3363363970
83	154	0.3807498053
83	183	0.4280863447
83	193	0.2508726030
83	221	0.2320477404
83	277	0.0877058019
83	300	0.4004906974
83	312	0.1048284837
83	346	0.3263569759
83	363	0.4050957468
83	403	0.2365249584
83	405	0.1087856586
83	408	0.3646464493
83	430	0.4036036764
83	485	0.1048284837
83	488	0.3019405424
83	490	0.3718842190
84	116	0.5773502692
84	120	0.3202563076
84	211	0.5960395607
84	219	0.5000000000
84	235	0.4803844614
84	239	0.4564354646
84	270	0.5417363389
84	334	0.5601120336
84	446	0.0990147543
85	119	0.3580574370
85	158	0.1917853206
85	257	0.4041451884
85	375	0.3872983346
85	382	0.1154700538
85	408	0.2618614683
85	413	0.1333333333
85	430	0.3542459542
85	434	0.2904737510
85	471	0.3265986324
85	490	0.3012974309
86	110	0.1601281538
86	189	0.1132277034
86	219	0.4166666667
86	239	0.3651483717
86	240	0.1091089451
86	270	0.5417363389
86	334	0.4200840252
86	355	0.4803844614
86	396	0.4629100499
87	190	0.3333333333
87	259	0.3450327797
87	272	0.1333333333
87	308	0.2666666667
87	431	0.4000000000
87	434	0.3227486122
87	455	0.2760262237
87	471	0.4082482905
87	490	0.3766217886
88	120	0.3846153846
88	146	0.1109400392
88	235	0.5384615385
88	239	0.5262348116
88	270	0.5204834388
88	334	0.3363363970
88	340	0.5728918992
89	148	0.3508232077
89	188	0.2752409413
89	300	0.0922531208
89	302	0.1414213562
89	379	0.1533929978
89	443	0.2480694692
90	112	0.3195048252
90	136	0.4716211091
90	158	0.2321191727
90	183	0.4244373438
90	223	0.2080125736
90	230	0.1443375673
90	257	0.2236067977
90	395	0.4714045208
90	407	0.3638034376
90	434	0.3125000000
90	446	0.3001225240
91	201	0.4082482905
91	285	0.3508232077
91	296	0.0932504808
91	324	0.3627381251
91	331	0.1450952500
91	360	0.3162277660
91	467	0.3627381251
92	106	0.2738612788
92	269	0.1714985851
92	337	0.1889822365
92	418	0.3922322703
92	441	0.3015113446
93	142	0.3333333333
93	188	0.2512594538
93	314	0.1924500897
93	330	0.1490711985
93	347	0.5477225575
93	365	0.1360827635
93	370	0.1054092553
93	434	0.0721687836
93	475	0.3333333333
94	97	0.3415650255
94	126	0.3903600292
94	128	0.3992918259
94	130	0.3535533906
94	133	0.3614486980
94	145	0.4880935301
94	147	0.1936491673
94	153	0.3585685828
94	198	0.3796283012
94	265	0.3626592604
94	297	0.4290581652
94	303	0.2988071523
94	345	0.3354101966
94	350	0.3321819194
94	357	0.2711630723
94	427	0.4679096002
94	436	0.1240347346
95	101	0.3214285714
95	182	0.4195731958
95	205	0.2766992953
95	222	0.3535533906
95	223	0.1386750491
95	241	0.3125000000
95	313	0.4677071733
95	343	0.1581138830
95	353	0.3535533906
95	385	0.4412613041
95	389	0.3913118961
95	439	0.3429971703
95	452	0.4160251472
96	97	0.4005009395
96	99	0.2838874870
96	102	0.1529438226
96	111	0.3338489304
96	126	0.4505635569
96	128	0.4096647696
96	130	0.3990119376
96	132	0.4027662102
96	140	0.5129891760
96	143	0.4588314677
96	207	0.1383428928
96	292	0.2795530723
96	296	0.3044295412
96	303	0.3065696697
96	332	0.4291975376
96	427	0.3106303721
96	440	0.1272569526
97	100	0.0930484210
97	126	0.3809523810
97	128	0.3896689221
97	130	0.4140393356
97	132	0.4086475554
97	150	0.3857583749
97	175	0.1058512248
97	187	0.3944053189
97	189	0.2567762955
97	266	0.3149703942
97	274	0.3026137663
97	331	0.3003757046
97	340	0.1126872340
97	357	0.4763305116
97	427	0.4029114820
97	438	0.3818813079
97	497	0.3185965464
98	103	0.3228732015
98	136	0.0748481189
98	176	0.3256694736
98	212	0.4123930494
98	231	0.2727723628
98	244	0.3879917968
98	281	0.3911591294
98	299	0.4008918629
98	302	0.3578300267
98	307	0.3415650255
98	312	0.2332847374
98	322	0.3704792868
98	330	0.4507489359
98	333	0.3779644730
98	369	0.3003757046
98	370	0.3187276292
98	412	0.0810440898
98	419	0.4507489359
99	107	0.3750000000
99	126	0.3471825374
99	130	0.3633610463
99	132	0.4551832387
99	176	0.1130667542
99	189	0.2773500981
99	191	0.3093592168
99	198	0.3001225240
99	260	0.2572478777
99	265	0.4430931299
99	297	0.3768891807
99	306	0.4422689813
99	324	0.1216660658
99	331	0.3649981975
99	339	0.3779644730
99	350	0.3939192986
99	356	0.1825741858
99	357	0.3429971703
99	397	0.3015113446
99	401	0.3857583749
99	404	0.2572478777
99	426	0.0944911183
99	427	0.5222329679
99	429	0.4082482905
100	105	0.3988620176
100	109	0.4558423058
100	110	0.3547874376
100	118	0.5909090909
100	123	0.4308202184
100	149	0.0953462589
100	217	0.1333662673
100	236	0.4045199175
100	277	0.3813850357
100	278	0.4020151261
100	291	0.4899559349
100	304	0.3337119062
100	362	0.4558423058
100	368	0.3619613830
100	412	0.0791807582
100	419	0.1100963765
100	470	0.1100963765
100	487	0.2956561980
101	112	0.0782460796
101	113	0.3118315179
101	138	0.5601120336
101	155	0.3367175149
101	156	0.3214285714
101	157	0.4082482905
101	159	0.4260577915
101	178	0.4000000000
101	182	0.6454972244
101	192	0.3688555568
101	196	0.2693740119
101	199	0.3740878118
101	204	0.4568586779
101	210	0.0958314847
101	218	0.3571428571
101	228	0.3833259390
101	229	0.1527207097
101	232	0.3571428571
101	246	0.3169715407
101	261	0.3319700011
101	283	0.1844277784
101	295	0.2581988897
101	305	0.4173124248
101	313	0.3436215967
101	318	0.4714045208
101	326	0.3054414193
101	338	0.3818017742
101	342	0.5738045841
101	349	0.3688555568
101	359	0.3214285714
101	379	0.3811274108
101	385	0.3922322703
101	398	0.3932841152
101	423	0.2672612419
101	424	0.4049619354
101	425	0.3054414193
101	426	0.2672612419
101	436	0.3565929833
101	439	0.5389955533
101	448	0.4052617962
101	452	0.4358358685
101	474	0.0792428852
101	484	0.3565929833
102	211	0.5353033790
102	235	0.4622501635
102	270	0.5560384375
102	340	0.4303314829
102	355	0.4622501635
102	396	0.5345224838
103	112	0.0600300225
103	167	0.4649905550
103	169	0.3287979746
103	171	0.0774984258
103	181	0.3691358304
103	200	0.3487429162
103	210	0.3676073110
103	212	0.5385204639
103	244	0.6054820757
103	245	0.3322052985
103	281	0.5472774684
103	286	0.1318124325
103	302	0.5146502355
103	310	0.5158607042
103	317	0.3099937033
103	320	0.3427955851
103	330	0.3395810880
103	333	0.3480245984
103	367	0.3189808891
103	389	0.0735214622
103	419	0.3395810880
103	421	0.3394414289
103	435	0.3394414289
103	449	0.3820287240
103	457	0.4109974683
103	479	0.3308465799
103	492	0.4191368221
104	120	0.4181210050
104	211	0.4150286783
104	270	0.3772167681
104	305	0.1100963765
104	412	0.1119785022
105	118	0.4558423058
105	271	0.3678836037
105	278	0.5669467095
105	291	0.4724555913
105	304	0.4780914437
105	394	0.4652421052
105	411	0.4225771274
105	489	0.4008918629
105	495	0.4008918629
106	120	0.1432229748
106	161	0.4140393356
106	174	0.3872983346
106	200	0.1217161239
106	220	0.5009794329
106	289	0.2666666667
106	327	0.1333333333
106	416	0.5449492609
106	418	0.3580574370
106	434	0.0968245837
107	108	0.2236067977
107	128	0.3561381495
107	132	0.3862160813
107	133	0.3386670053
107	147	0.3402069087
107	260	0.4001633653
107	265	0.3822764258
107	292	0.3282439759
107	331	0.3244428423
107	332	0.3779644730
107	350	0.4376881095
107	427	0.3771682546
107	439	0.1212678125
107	454	0.4001633653
107	480	0.4260064336
108	117	0.3380617019
108	153	0.2535462764
108	240	0.2988071523
108	263	0.2449489743
108	265	0.2331262021
108	354	0.3508232077
108	360	0.3952847075
108	391	0.2981423970
109	123	0.3857583749
109	278	0.4409585518
109	291	0.5669467095
109	304	0.4183300133
109	381	0.4629100499
109	383	0.3380617019
109	388	0.1296407447
109	394	0.5582905262
109	411	0.4225771274
110	118	0.4139186772
110	224	0.2223747950
110	247	0.4003203845
110	277	0.5581563057
110	278	0.2614881802
110	321	0.2480694692
110	364	0.2307692308
110	368	0.5381382352
110	381	0.4003203845
111	127	0.1616904167
111	128	0.2998334721
111	140	0.3253956867
111	143	0.2910427500
111	168	0.2592814894
111	171	0.2858309752
111	189	0.1902605977
111	272	0.1878672873
111	296	0.3575992699
111	306	0.3267320196
111	356	0.3131121455
111	442	0.1533929978
112	119	0.3544587785
112	136	0.3444233601
112	141	0.3099652099
112	165	0.2295390425
112	259	0.3415650255
112	300	0.2929430027
112	309	0.3038218101
112	346	0.4557327152
112	375	0.3195048252
112	376	0.1217161239
112	395	0.3442651863
112	406	0.2752409413
112	410	0.4780914437
112	430	0.3444233601
112	459	0.3903600292
112	473	0.3544587785
112	490	0.4527300951
112	495	0.0912870929
113	138	0.4415031470
113	157	0.3960590172
113	160	0.2910427500
113	182	0.4070457892
113	194	0.3031695313
113	303	0.1296407447
113	325	0.2800560168
113	342	0.3099652099
113	412	0.1801509396
113	426	0.4537426065
113	439	0.2911616158
113	470	0.3131121455
113	482	0.2925089697
114	121	0.3244428423
114	173	0.3162277660
114	250	0.4714045208
114	254	0.2981423970
114	280	0.3149703942
114	282	0.3042903097
114	320	0.0982946374
114	355	0.1307440901
114	386	0.1714985851
114	392	0.4020151261
114	440	0.3268602252
114	447	0.4376881095
114	461	0.3779644730
114	464	0.4260064336
114	476	0.3553345273
115	118	0.3370999312
115	224	0.3380617019
115	248	0.1380131119
115	291	0.4472135955
115	364	0.3508232077
115	394	0.3853373178
115	411	0.5000000000
115	489	0.3952847075
116	176	0.1421338109
116	182	0.0860662966
116	211	0.4588314677
116	270	0.4170288281
116	323	0.1616904167
116	334	0.4042260417
117	122	0.4285714286
117	129	0.6299407883
117	146	0.1603567451
117	240	0.6060915267
117	285	0.5188745217
117	324	0.3678836037
117	360	0.4008918629
117	400	0.5345224838
117	462	0.5185629788
117	477	0.5378528742
118	123	0.4308202184
118	125	0.2571297386
118	141	0.1034175380
118	277	0.4767312946
118	291	0.6030226892
118	297	0.0909090909
118	304	0.4290581652
118	362	0.2849014411
118	368	0.4653789210
118	377	0.3214121733
118	381	0.4923659639
118	487	0.4139186772
118	489	0.4264014327
119	141	0.3363363970
119	209	0.2773500981
119	248	0.1815682598
119	257	0.3100868365
119	389	0.1240347346
119	395	0.2614881802
119	490	0.2831896879
120	211	0.4453993341
120	222	0.1307440901
120	340	0.3580574370
120	490	0.1213670091
121	124	0.4291975376
121	136	0.1573778951
121	151	0.4146442144
121	208	0.1622214211
121	242	0.3973597071
121	250	0.4014775343
121	365	0.3785166493
121	382	0.5129891760
121	392	0.5380275868
121	402	0.2369395511
121	461	0.4291975376
121	493	0.5263157895
122	210	0.1195228609
122	211	0.1226278679
122	240	0.4545686450
122	320	0.1114556425
122	348	0.4409585518
122	386	0.4537426065
122	462	0.4537426065
122	477	0.4183300133
122	478	0.4466625003
122	483	0.2964997267
123	179	0.4472135955
123	247	0.5833333333
123	277	0.5809475019
123	291	0.5613413994
123	368	0.5601120336
123	394	0.3517632353
124	250	0.3340765524
124	280	0.3571428571
124	282	0.2760262237
124	350	0.0992583334
124	365	0.3779644730
124	447	0.4962916670
124	491	0.3857583749
124	493	0.4291975376
125	143	0.1206045378
125	278	0.2842676218
125	291	0.3731012536
125	304	0.3370999312
125	319	0.1818181818
125	364	0.3344968040
125	394	0.3149183286
125	412	0.1119785022
125	490	0.0879598994
126	132	0.4086475554
126	133	0.3919309008
126	140	0.3903600292
126	143	0.3055050463
126	145	0.4763305116
126	249	0.2326210526
126	265	0.4826170891
126	273	0.4800793585
126	274	0.3631365196
126	296	0.3539191986
126	297	0.3721936842
126	331	0.4505635569
126	404	0.4763305116
126	427	0.4297722475
126	472	0.3499271061
127	240	0.3779644730
127	265	0.0982946374
127	324	0.4588314677
127	354	0.3698001308
127	400	0.4166666667
127	478	0.3713906764
128	130	0.5212466913
128	131	0.3378623143
128	132	0.6430735194
128	133	0.4687430259
128	140	0.3685770701
128	143	0.4395538046
128	145	0.3331483023
128	150	0.5342072243
128	168	0.3671115491
128	171	0.3237619541
128	187	0.2482644157
128	189	0.3771407209
128	191	0.3434014099
128	198	0.3997779628
128	227	0.3434014099
128	252	0.3777415509
128	260	0.3664631326
128	265	0.4860650459
128	266	0.2775680550
128	274	0.3428726930
128	292	0.5738737198
128	296	0.5265704664
128	297	0.3807098182
128	301	0.2202669295
128	303	0.3671115491
128	319	0.2484946100
128	332	0.4405338589
128	339	0.1835557746
128	345	0.4120816918
128	350	0.3826082456
128	378	0.3047757271
128	385	0.0538772458
128	397	0.3221390770
128	401	0.3596943896
128	404	0.2998334721
128	427	0.5917770816
128	450	0.1189577379
128	474	0.3428726930
128	480	0.2127980706
128	481	0.1242473050
128	497	0.4902221696
129	146	0.1414213562
129	237	0.4714045208
129	240	0.5790660241
129	296	0.0695048047
129	323	0.4001633653
129	344	0.5000000000
129	360	0.4124789557
129	400	0.5303300859
129	447	0.0875376219
129	462	0.4573295604
129	467	0.3785166493
129	477	0.4743416490
129	478	0.5689945424
129	483	0.3922322703
130	131	0.3535533906
130	132	0.5551749076
130	133	0.3691751923
130	140	0.3889087297
130	143	0.4110960958
130	145	0.3451342450
130	150	0.4751644452
130	153	0.2958039892
130	191	0.4348131783
130	198	0.3451342450
130	227	0.3557562368
130	234	0.2300894967
130	265	0.4429397839
130	266	0.3195048252
130	292	0.3853373178
130	306	0.3347193407
130	327	0.1632993162
130	331	0.2176428750
130	332	0.3803194146
130	335	0.2000000000
130	345	0.3952847075
130	370	0.0866025404
130	397	0.3033899381
130	401	0.3105295017
130	409	0.1224744871
130	423	0.0845154255
130	438	0.2371708245
130	442	0.2500000000
130	472	0.2112885637
130	488	0.0912870929
130	497	0.4616902584
131	132	0.4187391381
131	143	0.3130495168
131	163	0.1195228609
131	191	0.3913118961
131	263	0.2886751346
131	265	0.3956282840
131	269	0.2169304578
131	296	0.2637521894
131	313	0.1195228609
131	319	0.2696799450
131	332	0.4183300133
131	427	0.3027650354
131	472	0.4183300133
132	133	0.5045090542
132	140	0.4187391381
132	143	0.4681645888
132	145	0.3690264213
132	147	0.2702949514
132	150	0.5379438276
132	153	0.3440861859
132	168	0.3440861859
132	187	0.3626387311
132	189	0.4131658339
132	191	0.3803837284
132	198	0.3406397735
132	204	0.0748597693
132	223	0.0649227473
132	227	0.4096440152
132	249	0.3992521028
132	252	0.4389043020
132	263	0.3324188369
132	265	0.6039871493
132	266	0.3378686892
132	269	0.3690264213
132	272	0.3021989426
132	273	0.4213481299
132	274	0.3246137366
132	289	0.0604397885
132	292	0.5093562139
132	296	0.5522168222
132	301	0.3440861859
132	303	0.3440861859
132	306	0.4730161649
132	309	0.0973841210
132	319	0.2823138693
132	332	0.3753667483
132	335	0.2220699631
132	339	0.3128056235
132	343	0.1480466420
132	345	0.3511234416
132	350	0.4564139036
132	352	0.3246137366
132	356	0.4230785197
132	357	0.3406397735
132	360	0.0585205736
132	378	0.3570751102
132	401	0.3831070832
132	413	0.3928586254
132	427	0.7203384657
132	429	0.3040818203
132	438	0.3803837284
132	442	0.2960932841
132	454	0.3974130691
132	472	0.4066473106
132	474	0.3246137366
132	480	0.3021989426
132	483	0.0649227473
132	497	0.5506108556
133	145	0.3920461577
133	150	0.4127504128
133	171	0.2540002540
133	189	0.3874584745
133	227	0.4490132551
133	273	0.3232895436
133	274	0.3486948370
133	290	0.2490677407
133	292	0.4064485097
133	296	0.3972203560
133	297	0.4212117696
133	306	0.3802156214
133	327	0.3246172270
133	343	0.1703885503
133	350	0.5002780095
133	352	0.2988812888
133	356	0.3246172270
133	427	0.5084813415
133	443	0.0704469954
133	454	0.3484854735
133	474	0.2988812888
133	477	0.0803219329
133	497	0.4661732374
134	151	0.3580574370
134	250	0.3466876226
134	254	0.2631174058
134	280	0.3706246583
134	284	0.1601281538
134	366	0.2508726030
134	402	0.2148344622
134	437	0.1482498633
134	447	0.3090157216
134	475	0.1601281538
135	137	0.5070925528
135	146	0.5059644256
135	188	0.4954336943
135	267	0.6674238125
135	443	0.4961389384
135	447	0.1174440439
135	475	0.4564354646
136	154	0.3805211953
136	158	0.3503113654
136	208	0.3233808334
136	286	0.3666793988
136	300	0.4252658743
136	343	0.1626978434
136	354	0.0951302988
136	363	0.3099652099
136	395	0.3233808334
136	406	0.3619613830
136	407	0.3743506489
136	408	0.3478626214
136	434	0.4073091397
136	446	0.3529411765
136	455	0.4125143237
136	456	0.3960590172
136	460	0.3102526140
136	486	0.3001225240
136	490	0.3752345950
137	142	0.3857583749
137	145	0.1296407447
137	146	0.5345224838
137	162	0.5039526307
137	170	0.3450327797
137	188	0.5582905262
137	267	0.6446583712
137	421	0.1226278679
137	443	0.4193139347
138	155	0.3630540991
138	156	0.2100420126
138	160	0.4480896269
138	165	0.0502995455
138	174	0.1050210063
138	178	0.5601120336
138	180	0.4581228473
138	182	0.6146362972
138	185	0.3300491810
138	186	0.3844645255
138	192	0.3253956867
138	196	0.3630540991
138	199	0.4277926319
138	204	0.4776651472
138	205	0.5535093035
138	218	0.3150630189
138	222	0.3960590172
138	228	0.3757345747
138	264	0.4179570038
138	272	0.0723101526
138	281	0.0537862479
138	283	0.2530855341
138	315	0.3368165349
138	318	0.4620688534
138	325	0.2425356250
138	326	0.3742405943
138	336	0.3582488604
138	338	0.3742405943
138	342	0.3579169948
138	349	0.4338609156
138	353	0.2970442629
138	385	0.4393880291
138	398	0.3212462831
138	405	0.3106942550
138	417	0.2330206912
138	423	0.2993924754
138	426	0.3742405943
138	439	0.5283213171
138	448	0.4583492485
138	452	0.3106942550
138	467	0.0963738849
138	470	0.3253956867
138	482	0.2955402316
138	488	0.0538968056
139	177	0.4767312946
139	206	0.3813850357
139	287	0.5017452060
139	288	0.3344968040
139	351	0.3768891807
139	458	0.4834937784
140	143	0.5813776741
140	150	0.4348131783
140	225	0.1154700538
140	265	0.3956282840
140	273	0.3577708764
140	292	0.3892494721
140	296	0.3626592604
140	413	0.2886751346
140	448	0.0975900073
140	454	0.3796283012
140	488	0.1290994449
140	497	0.3627381251
141	257	0.2711630723
141	329	0.2800560168
141	380	0.1462544848
141	395	0.3429971703
141	407	0.2941176471
141	410	0.3175536744
141	422	0.2800560168
141	428	0.2193817272
141	434	0.3638034376
142	188	0.5025189076
142	323	0.1400280084
142	347	0.5477225575
142	374	0.4003203845
142	442	0.1825741858
142	443	0.4529108137
143	150	0.4596194078
143	252	0.3500000000
143	260	0.3880570001
143	273	0.3200000000
143	292	0.4177863743
143	306	0.3079201436
143	331	0.2752988806
143	332	0.5345224838
143	357	0.3880570001
143	378	0.2773500981
143	429	0.2886751346
143	461	0.1069044968
143	497	0.4542199792
144	211	0.4905114716
144	239	0.4225771274
144	270	0.4458225701
144	373	0.0834783871
144	380	0.1611645928
144	396	0.5714285714
144	467	0.1226278679
144	497	0.0867109970
145	153	0.4537426065
145	265	0.4291191239
145	296	0.3218393429
145	331	0.2782074420
145	378	0.4036036764
145	382	0.1084652289
145	427	0.3881029321
146	148	0.3882901374
146	162	0.5185449729
146	170	0.4647580015
146	188	0.6963106238
146	267	0.5427204202
146	374	0.4437601570
146	384	0.3328201177
146	393	0.5505977613
146	451	0.3794733192
146	475	0.4041451884
147	168	0.3086066999
147	187	0.2981423970
147	331	0.2649064714
147	379	0.1400280084
147	397	0.1846372365
147	427	0.3553345273
147	442	0.3651483717
148	158	0.1030052405
148	188	0.5310850045
148	256	0.3076923077
148	374	0.4615384615
148	475	0.3202563076
149	202	0.4041451884
149	209	0.3354101966
149	268	0.4041451884
149	300	0.3587804402
149	363	0.4618802154
149	371	0.0698430296
149	403	0.3370999312
149	408	0.3023715784
149	413	0.1154700538
149	428	0.4045199175
149	434	0.3633610463
149	459	0.3585685828
149	490	0.2283148256
150	189	0.3813563849
150	198	0.3858718166
150	234	0.3858718166
150	252	0.4419417382
150	260	0.3858718166
150	265	0.4430931299
150	269	0.3001225240
150	273	0.4242640687
150	292	0.4000473457
150	296	0.4430931299
150	320	0.0737209781
150	341	0.1118033989
150	345	0.4419417382
150	352	0.3922322703
150	357	0.3858718166
150	397	0.4522670169
150	427	0.5004732609
150	489	0.0883883476
150	497	0.4588314677
151	173	0.4041451884
151	280	0.5520524475
151	382	0.5196152423
151	392	0.4954336943
151	409	0.1333333333
151	447	0.5753559618
151	464	0.4666666667
151	476	0.5449492609
151	493	0.4738791022
152	173	0.4341215711
152	280	0.3706246583
152	282	0.3580574370
152	336	0.1182624792
152	344	0.1307440901
152	392	0.4730499168
152	402	0.3580574370
152	447	0.4120209621
152	461	0.2964997267
153	249	0.2849014411
153	265	0.4728662437
153	273	0.2672612419
153	427	0.3289758475
153	454	0.3889222341
153	497	0.3034884893
154	158	0.2575131013
154	212	0.0698856558
154	292	0.0965609099
154	300	0.2831896879
154	446	0.2853908965
154	488	0.3202563076
154	490	0.2831896879
155	157	0.3849001795
155	180	0.4082482905
155	182	0.4564354646
155	205	0.2981423970
155	218	0.3535533906
155	228	0.3689323937
155	241	0.1767766953
155	264	0.4020151261
155	313	0.3779644730
155	379	0.2858309752
155	405	0.3922322703
155	412	0.2188440548
155	469	0.3939192986
155	493	0.1081476141
156	199	0.3273268354
156	295	0.3227486122
156	296	0.0737209781
156	305	0.3651483717
156	318	0.4124789557
156	336	0.3731012536
156	359	0.2500000000
156	394	0.0870388280
156	402	0.1290994449
156	412	0.2785430073
156	424	0.2834733548
156	433	0.0980580676
156	469	0.2785430073
157	178	0.3265986324
157	180	0.3535533906
157	182	0.5006939629
157	186	0.2401922307
157	224	0.1091089451
157	232	0.2041241452
157	246	0.3962969620
157	258	0.4364357805
157	261	0.3689323937
157	299	0.0833333333
157	313	0.4364357805
157	315	0.2182178902
157	342	0.3726779962
157	355	0.1132277034
157	424	0.2700308624
157	426	0.3273268354
157	434	0.0510310363
157	469	0.3790490218
157	470	0.3689323937
158	165	0.3001668057
158	193	0.2771326539
158	197	0.2702264095
158	208	0.2626128657
158	248	0.2026102246
158	249	0.0791807582
158	257	0.2906591795
158	268	0.2876779809
158	286	0.1985166668
158	355	0.1030052405
158	387	0.2575131013
158	395	0.2188440548
158	410	0.1215661348
158	428	0.1679677533
158	432	0.2799462555
158	441	0.0791807582
158	455	0.2481458335
158	466	0.2481458335
158	490	0.3250373871
159	178	0.4129483210
159	186	0.4049291436
159	194	0.2867696673
159	205	0.3627381251
159	228	0.4103913408
159	246	0.3817708578
159	305	0.4188539083
159	342	0.3350831266
159	385	0.3599370165
159	389	0.3590924232
159	398	0.4736842105
159	417	0.2545139052
159	424	0.3901994863
159	439	0.3934447377
159	452	0.4453993341
160	178	0.3200000000
160	180	0.3464101615
160	182	0.4389381126
160	186	0.2745625892
160	192	0.2581988897
160	194	0.4000000000
160	196	0.3299831646
160	199	0.3927922024
160	204	0.2558408596
160	205	0.3794733192
160	221	0.1014185106
160	232	0.3500000000
160	261	0.2581988897
160	270	0.0834057656
160	283	0.2581988897
160	326	0.3207134903
160	353	0.3299831646
160	379	0.2910427500
160	426	0.3207134903
160	430	0.1028991511
160	484	0.4437601570
161	220	0.5833833512
161	285	0.1482498633
161	294	0.4285714286
161	401	0.1749635531
161	414	0.5000000000
161	416	0.4029114820
161	441	0.4558423058
162	170	0.6085806195
162	188	0.5744269579
162	267	0.4974683382
162	314	0.1571348403
162	347	0.4472135955
162	393	0.4866642634
162	443	0.5084751799
162	451	0.3726779962
162	475	0.4762896722
163	195	0.2535462764
163	238	0.3563483225
163	276	0.3706246583
163	284	0.3857583749
163	288	0.4447495900
163	293	0.2672612419
163	328	0.3857583749
163	458	0.4285714286
163	499	0.5400617249
164	289	0.4296689244
164	294	0.5188745217
164	418	0.4615384615
164	441	0.5913123960
164	481	0.5017452060
165	208	0.2540002540
165	209	0.3592106041
165	233	0.4041119296
165	255	0.2166121444
165	257	0.2811267651
165	268	0.3246172270
165	286	0.3360107525
165	300	0.3143775102
165	337	0.0960030721
165	346	0.2988812888
165	387	0.2490677407
165	390	0.3360107525
165	399	0.2592379237
165	408	0.3035883704
165	422	0.2592379237
165	431	0.2782433375
165	432	0.2707651805
165	434	0.4265625923
165	446	0.2464164415
165	459	0.2880092164
165	479	0.1204828993
165	486	0.2694079530
165	490	0.3929718878
166	175	0.4338609156
166	176	0.2383656473
166	212	0.4789207443
166	216	0.4183300133
166	231	0.3913118961
166	244	0.3975732840
166	245	0.4518480571
166	251	0.3796283012
166	281	0.4580786675
166	302	0.3666666667
166	310	0.3946761087
166	370	0.3265986324
166	373	0.4190581775
166	435	0.4103913408
166	478	0.0830454799
166	496	0.2390457219
167	176	0.2261335084
167	181	0.3608439182
167	182	0.0684653197
167	200	0.4166666667
167	214	0.5547001962
167	233	0.1325825215
167	245	0.3572172542
167	251	0.3858718166
167	281	0.4979466032
167	302	0.3689323937
167	310	0.4160251472
167	311	0.2451451689
167	317	0.3333333333
167	330	0.3651483717
167	333	0.4422689813
167	367	0.3858718166
167	373	0.4417261043
167	394	0.0923186182
167	415	0.4107919181
167	433	0.3466876226
167	435	0.3649981975
167	437	0.3307189139
167	445	0.2834733548
167	451	0.1118033989
167	457	0.3977475644
167	492	0.2773500981
167	496	0.1417366774
168	234	0.2592814894
168	265	0.3546496828
168	292	0.3721936842
168	350	0.3474041669
168	356	0.4830458915
168	427	0.3618734322
168	479	0.1195228609
169	212	0.4409585518
169	217	0.3127716211
169	244	0.3810003810
169	281	0.4481290798
169	302	0.3726779962
169	345	0.1250000000
169	370	0.2738612788
169	373	0.3123475238
169	435	0.3441236008
169	445	0.2672612419
169	450	0.4330127019
169	453	0.4518480571
170	188	0.4494665750
170	215	0.1333333333
170	240	0.1463850109
170	384	0.4296689244
170	393	0.4146442144
170	444	0.1380131119
170	469	0.0958926603
170	475	0.3726779962
171	198	0.1714985851
171	296	0.3822764258
171	306	0.3175264481
171	331	0.1081476141
171	335	0.2981423970
171	353	0.1111111111
171	354	0.1307440901
171	397	0.3517632353
171	438	0.3535533906
171	490	0.0687614164
171	497	0.2676516895
172	174	0.4518480571
172	215	0.5333333333
172	220	0.4383570038
172	294	0.4830458915
172	414	0.6210590034
172	441	0.5504818826
172	485	0.5520524475
173	242	0.3227486122
173	254	0.2828427125
173	271	0.1025978352
173	276	0.1240347346
173	280	0.5378528742
173	337	0.5378528742
173	365	0.3162277660
173	366	0.2696799450
173	402	0.4041451884
173	447	0.4982728791
173	476	0.4045199175
173	491	0.4518480571
174	207	0.4522670169
174	220	0.4850712501
174	251	0.1212678125
174	385	0.1470871014
174	414	0.4008918629
174	416	0.3768891807
174	418	0.5547001962
174	441	0.4264014327
174	481	0.5276448530
174	485	0.4677071733
175	210	0.4338609156
175	212	0.3972360154
175	244	0.3388226070
175	281	0.3415885517
175	298	0.3429971703
175	302	0.3977058393
175	310	0.4280863447
175	312	0.1944611171
175	333	0.4200840252
175	370	0.2656844657
175	421	0.3894904189
176	245	0.2461829820
176	299	0.2611164839
176	311	0.2956561980
176	333	0.3692744729
176	365	0.1005037815
176	370	0.3892494721
176	371	0.2996672212
176	409	0.2752409413
176	419	0.2752409413
176	445	0.3418817294
176	479	0.1430193884
177	195	0.3000000000
177	206	0.3000000000
177	238	0.3162277660
177	293	0.1581138830
177	458	0.4225771274
178	180	0.4233901974
178	182	0.5422176685
178	186	0.3922322703
178	192	0.3098386677
178	205	0.4743416490
178	264	0.3837612894
178	295	0.3614784456
178	336	0.2984810029
178	342	0.3651483717
178	385	0.3137858162
178	405	0.3328201177
178	423	0.3207134903
178	439	0.4801960384
178	448	0.4364357805
178	452	0.4437601570
178	470	0.3614784456
178	482	0.3618136135
179	271	0.4738791022
179	277	0.4618802154
179	278	0.3651483717
179	291	0.4564354646
179	321	0.4041451884
179	364	0.5012804118
179	368	0.5009794329
179	375	0.1290994449
179	383	0.4082482905
179	394	0.4494665750
179	489	0.1936491673
179	495	0.5163977795
180	182	0.5217491947
180	185	0.3175264481
180	196	0.3628873693
180	222	0.3175264481
180	228	0.3012320380
180	229	0.2057377999
180	258	0.4114755999
180	261	0.2484519975
180	264	0.4513354669
180	295	0.2981423970
180	322	0.0933520056
180	326	0.3600411499
180	385	0.3019405424
180	439	0.3630540991
180	448	0.3359684205
180	469	0.3573708449
180	484	0.2668802563
181	182	0.0790569415
181	214	0.4403524230
181	244	0.4666282626
181	281	0.4443021175
181	302	0.4564354646
181	307	0.4107919181
181	322	0.2970442629
181	368	0.0990147543
181	371	0.4144248635
181	373	0.4144248635
181	409	0.2635231383
181	421	0.4682929058
181	457	0.4592793268
181	468	0.5661385171
181	478	0.0758098044
181	492	0.4003203845
182	186	0.4557327152
182	199	0.3944053189
182	204	0.4679096002
182	205	0.6327848502
182	222	0.4260064336
182	228	0.3464101615
182	229	0.4140393356
182	232	0.4518480571
182	246	0.3938631807
182	248	0.0563436170
182	258	0.4140393356
182	264	0.4403855061
182	283	0.3000000000
182	295	0.3666666667
182	305	0.4478342948
182	313	0.3450327797
182	315	0.3795360576
182	326	0.4485426136
182	336	0.3853373178
182	338	0.3795360576
182	342	0.5421151989
182	353	0.4868644956
182	365	0.0608580619
182	379	0.3757345747
182	385	0.4810511994
182	389	0.4330127019
182	398	0.4146442144
182	402	0.0666666667
182	405	0.3938631807
182	412	0.4794633015
182	420	0.3113995777
182	423	0.3105295017
182	424	0.5123475383
182	425	0.3450327797
182	426	0.3795360576
182	436	0.3222516933
182	439	0.5756496756
182	448	0.4225771274
182	452	0.4296689244
182	469	0.4794633015
182	470	0.4000000000
182	482	0.3892494721
182	484	0.3580574370
183	217	0.1517165212
183	300	0.2830196551
183	363	0.4383570038
183	390	0.5833833512
183	407	0.3529411765
183	408	0.3689640278
183	430	0.3327561323
183	432	0.2193817272
183	434	0.3031695313
183	446	0.3327561323
183	490	0.3537745688
183	492	0.1902605977
184	197	0.2925089697
184	227	0.1507556723
184	233	0.1507556723
184	423	0.1611645928
184	424	0.1139605765
184	434	0.2261335084
185	186	0.2773500981
185	201	0.1217161239
185	217	0.0982946374
185	222	0.4444444444
185	305	0.1721325932
185	313	0.1889822365
185	349	0.2434322478
185	359	0.2946278255
185	389	0.1581138830
185	405	0.3268602252
185	412	0.2188440548
185	425	0.2519763153
185	439	0.3233808334
185	448	0.4114755999
186	199	0.3851644433
186	205	0.4341215711
186	241	0.2941742027
186	246	0.4895354639
186	293	0.0980580676
186	295	0.4050957468
186	305	0.3580574370
186	318	0.3698001308
186	398	0.3599370165
186	417	0.2719641466
186	425	0.2620712092
186	436	0.2719641466
186	482	0.3547874376
187	234	0.3131121455
187	273	0.2581988897
187	296	0.3045547951
187	303	0.3450327797
187	306	0.2981423970
187	357	0.4383570038
187	427	0.4131671220
187	438	0.4518480571
188	256	0.4345240946
188	267	0.4723774930
188	269	0.0844400662
188	347	0.4403855061
188	374	0.4828045496
188	384	0.3862436397
188	393	0.5191699915
188	443	0.7169281791
188	446	0.0895622151
188	451	0.4403855061
188	475	0.5025189076
189	227	0.4412613041
189	234	0.2378257471
189	249	0.2926847035
189	273	0.3530090432
189	290	0.3263569759
189	301	0.3144854510
189	306	0.4529108137
189	319	0.2956561980
189	322	0.0951302988
189	350	0.4370142244
189	397	0.5017452060
189	427	0.3862436397
189	444	0.1048284837
189	479	0.0877058019
190	192	0.1333333333
190	225	0.2666666667
190	292	0.0898933150
190	296	0.0761386988
190	361	0.2666666667
190	363	0.2666666667
190	410	0.3944053189
190	430	0.2214037214
190	473	0.4296689244
190	490	0.3012974309
191	234	0.3031695313
191	243	0.1581138830
191	265	0.4423258685
191	273	0.3000000000
191	292	0.3046358979
191	295	0.1290994449
191	345	0.3750000000
191	350	0.4178145109
191	427	0.3385016002
191	442	0.3162277660
192	228	0.2886751346
192	241	0.1936491673
192	261	0.2666666667
192	300	0.0753243577
192	305	0.1885618083
192	338	0.3450327797
192	439	0.3099652099
193	197	0.3102526140
193	202	0.3853373178
193	208	0.2010075631
193	219	0.1230914910
193	225	0.2201927530
193	248	0.2326210526
193	255	0.1285648693
193	300	0.4042807688
193	309	0.2956561980
193	335	0.1348399725
193	346	0.2365249584
193	361	0.2201927530
193	407	0.2585438450
193	433	0.0836242010
193	466	0.3418817294
193	473	0.1773937188
194	196	0.1767766953
194	199	0.3818813079
194	241	0.1875000000
194	261	0.1936491673
194	305	0.2282177323
194	353	0.2357022604
194	371	0.0780868809
194	379	0.3031695313
194	420	0.2261335084
194	439	0.3001225240
195	216	0.1690308509
195	265	0.0932504808
195	279	0.3067859955
195	288	0.4385290097
195	363	0.1632993162
195	465	0.2371708245
196	205	0.3726779962
196	264	0.3015113446
196	268	0.1825741858
196	318	0.3333333333
196	336	0.3015113446
196	349	0.3651483717
196	424	0.3563483225
196	469	0.3501504876
196	484	0.3922322703
197	226	0.3363363970
197	300	0.2830196551
197	351	0.1819017188
197	371	0.0757554019
197	375	0.2425356250
197	408	0.2869720216
197	428	0.5118906969
197	434	0.3334864844
197	466	0.5185629788
198	265	0.3933591969
198	345	0.4850712501
198	427	0.3582488604
198	474	0.4708709558
198	481	0.2193817272
199	205	0.4830458915
199	232	0.3818813079
199	264	0.3721936842
199	271	0.1001252349
199	305	0.4780914437
199	318	0.4629100499
199	325	0.3779644730
199	342	0.2788866755
199	354	0.1210455065
199	379	0.3704792868
199	393	0.1001252349
199	439	0.4116646537
200	244	0.3592106041
200	251	0.3429971703
200	274	0.1307440901
200	281	0.3621429842
200	307	0.3162277660
200	310	0.2773500981
200	333	0.4082482905
200	370	0.2581988897
200	371	0.4049155956
200	373	0.4417261043
200	492	0.3698001308
200	494	0.3535533906
201	240	0.4391550328
201	244	0.0655825836
201	323	0.3757345747
201	324	0.4738791022
201	360	0.4518480571
201	372	0.4666666667
201	400	0.5163977795
201	462	0.3757345747
201	467	0.4738791022
201	477	0.3464101615
201	483	0.3580574370
202	297	0.1100963765
202	300	0.3389596097
202	309	0.3580574370
202	407	0.3131121455
202	408	0.2182178902
202	446	0.2656844657
203	206	0.1906925178
203	230	0.4351941399
203	238	0.3015113446
203	293	0.3015113446
203	328	0.4351941399
203	465	0.4522670169
204	318	0.4020151261
204	326	0.4558423058
204	338	0.3418817294
204	349	0.2752409413
204	353	0.3517632353
204	359	0.2665008954
204	385	0.4181210050
204	389	0.3813850357
204	420	0.3856946079
204	425	0.2279211529
204	448	0.4187178947
204	452	0.4139186772
204	470	0.3302891295
205	214	0.0620173673
205	222	0.3354101966
205	229	0.3380617019
205	232	0.3162277660
205	251	0.0766964989
205	264	0.4382299106
205	283	0.2857738033
205	305	0.4907477288
205	315	0.4225771274
205	318	0.3726779962
205	325	0.3195048252
205	336	0.4045199175
205	338	0.2958039892
205	342	0.4041451884
205	385	0.3410955201
205	405	0.4823819106
205	424	0.4780914437
205	425	0.2958039892
205	426	0.2958039892
205	439	0.4338609156
205	448	0.3795360576
205	469	0.3816931427
205	478	0.0880830329
205	482	0.3813850357
205	484	0.3508232077
205	495	0.0790569415
206	218	0.1581138830
206	276	0.4385290097
206	284	0.3651483717
206	296	0.0932504808
206	351	0.3952847075
206	499	0.2738612788
207	215	0.4670993665
207	289	0.4670993665
207	418	0.5853694070
207	441	0.4499770426
207	485	0.7252406676
207	496	0.1611645928
208	212	0.0593913871
208	213	0.3268602252
208	293	0.1178511302
208	300	0.2406649575
208	304	0.1581138830
208	305	0.0860662966
208	489	0.1767766953
208	490	0.2406649575
209	233	0.3125000000
209	257	0.3913118961
209	268	0.4518480571
209	304	0.1118033989
209	335	0.1581138830
209	390	0.3340765524
209	434	0.3750000000
209	473	0.3466876226
209	490	0.3646624787
210	212	0.4507489359
210	244	0.4259713757
210	281	0.4580786675
210	302	0.4333333333
210	307	0.4000000000
210	310	0.3946761087
210	342	0.1224744871
210	370	0.2857738033
210	371	0.4190581775
210	449	0.5196152423
211	219	0.3973597071
211	270	0.7175473099
211	334	0.5564148841
211	340	0.5331139900
211	355	0.5090278104
211	384	0.1272569526
211	396	0.6131393395
212	216	0.4040610178
212	217	0.4465958969
212	231	0.3779644730
212	244	0.7680245772
212	245	0.2909571870
212	251	0.3361227822
212	281	0.6775074859
212	286	0.1346870059
212	299	0.4886272749
212	302	0.6197797868
212	307	0.4225771274
212	310	0.4200412794
212	311	0.3144854510
212	312	0.3367175149
212	317	0.4454354032
212	320	0.4465958969
212	322	0.3666793988
212	325	0.1091089451
212	333	0.3636964837
212	367	0.4277926319
212	369	0.4624586504
212	371	0.5902813361
212	373	0.5706052916
212	409	0.2277100170
212	421	0.4046513191
212	433	0.4447495900
212	435	0.3757476535
212	437	0.3030457634
212	445	0.3030457634
212	449	0.4228900316
212	450	0.3273268354
212	453	0.3578300267
212	457	0.3149703942
212	463	0.3578300267
212	465	0.0629940788
212	468	0.3494282789
212	469	0.0467908271
212	479	0.3944053189
212	492	0.4694579006
212	494	0.4094615124
212	496	0.2693740119
213	260	0.1345345588
213	300	0.3236453576
213	343	0.2631174058
213	408	0.3281650617
213	434	0.3466876226
213	488	0.3202563076
214	231	0.2941742027
214	245	0.2830692585
214	281	0.4268716668
214	298	0.3235751145
214	302	0.4385290097
214	310	0.3461538462
214	312	0.2620712092
214	317	0.4160251472
214	333	0.3396831102
214	367	0.4280863447
214	373	0.4287947243
214	421	0.2699527624
214	450	0.3396831102
214	457	0.4412613041
214	468	0.4351426346
214	496	0.1572427255
215	289	0.4666666667
215	294	0.4140393356
215	395	0.1217161239
215	416	0.3113995777
215	418	0.4296689244
215	485	0.5520524475
216	244	0.3733643283
216	302	0.3984095364
216	370	0.3903600292
216	371	0.4173919356
216	373	0.4591311291
216	449	0.5520524475
216	479	0.5378528742
217	244	0.4237017131
217	245	0.3009646327
217	281	0.4538580949
217	298	0.2948839123
217	310	0.2862512870
217	312	0.3343669275
217	362	0.1671834638
217	370	0.2664854457
217	371	0.4233382459
217	409	0.4307055216
217	433	0.2862512870
217	492	0.3271443280
217	494	0.4170288281
218	222	0.2357022604
218	264	0.2665008954
218	265	0.0737209781
218	349	0.2581988897
218	359	0.3125000000
218	385	0.1961161351
218	436	0.2773500981
218	484	0.2080125736
219	270	0.5417363389
219	301	0.1543033500
219	334	0.4200840252
219	341	0.3651483717
219	408	0.0975900073
220	243	0.3834824944
220	273	0.0970142500
220	316	0.3500700210
220	401	0.1587768372
220	414	0.5185629788
220	416	0.4387634545
220	451	0.1533929978
221	223	0.1875228924
221	225	0.3927922024
221	233	0.2535462764
221	248	0.3688555568
221	255	0.3057883149
221	257	0.2645751311
221	259	0.2710523709
221	262	0.2672612419
221	296	0.0498444786
221	300	0.3944909382
221	365	0.0796819073
221	390	0.2710523709
221	395	0.2788866755
221	407	0.3279680247
221	410	0.3319700011
221	422	0.2927700219
221	428	0.3567530340
221	430	0.4348282767
221	431	0.3491486244
221	432	0.2548235957
221	434	0.4437059837
221	444	0.2710523709
221	446	0.4058397250
221	459	0.4517539515
221	466	0.3614031612
221	488	0.4879500365
222	313	0.3779644730
222	315	0.3149703942
222	336	0.3517632353
222	353	0.4444444444
222	359	0.3535533906
222	412	0.3501504876
222	423	0.3149703942
222	448	0.4629100499
222	469	0.3501504876
223	280	0.1482498633
223	399	0.3202563076
223	416	0.1672484020
223	446	0.2853908965
223	456	0.2401922307
223	490	0.2427340182
224	228	0.1195228609
224	271	0.3678836037
224	277	0.3585685828
224	291	0.3779644730
224	304	0.2988071523
224	362	0.2857142857
224	394	0.4187178947
224	486	0.1336306210
225	248	0.3380617019
225	399	0.2236067977
225	407	0.3757345747
225	428	0.3113995777
225	455	0.3450327797
225	487	0.1432229748
226	259	0.2964997267
226	281	0.0710220824
226	308	0.2864459496
226	422	0.4803844614
226	430	0.2853908965
226	434	0.3120188604
226	488	0.4270084101
227	249	0.2665008954
227	264	0.1066003582
227	292	0.3481553119
227	306	0.4330127019
227	401	0.4364357805
227	427	0.3385016002
227	497	0.4461089081
228	232	0.2236067977
228	342	0.2449489743
228	349	0.2309401077
228	385	0.3508232077
228	389	0.3500000000
228	417	0.3100868365
228	494	0.1118033989
229	315	0.3571428571
229	325	0.3086066999
229	336	0.2849014411
229	353	0.2519763153
229	375	0.1336306210
229	389	0.2988071523
229	412	0.2977750002
230	255	0.2611164839
230	284	0.3333333333
230	328	0.5000000000
230	458	0.3086066999
230	499	0.3333333333
231	281	0.4161198598
231	317	0.4124789557
231	338	0.1336306210
231	339	0.2004459314
231	373	0.3123475238
231	430	0.0857492926
231	435	0.3441236008
231	463	0.4518480571
231	492	0.2941742027
232	353	0.2357022604
232	405	0.3466876226
232	436	0.3466876226
232	439	0.3858718166
232	461	0.1336306210
232	467	0.1147078669
232	484	0.4160251472
233	257	0.3354101966
233	281	0.0960276599
233	408	0.2535462764
233	446	0.3001225240
233	486	0.3125000000
233	490	0.2917299830
234	265	0.3218393429
234	296	0.2503194889
234	357	0.3529411765
234	361	0.1252448582
234	397	0.4136701520
234	427	0.3582488604
234	483	0.1345345588
234	496	0.1296407447
235	239	0.5262348116
235	240	0.1048284837
235	270	0.6361464252
235	334	0.4708709558
235	340	0.5728918992
235	341	0.5262348116
236	277	0.2828427125
236	291	0.3913118961
236	362	0.5070925528
236	394	0.2752409413
236	445	0.1690308509
236	447	0.1174440439
236	487	0.4385290097
237	240	0.4252100321
237	244	0.0952500953
237	260	0.1212678125
237	323	0.5457051563
237	324	0.3441236008
237	344	0.5892556510
237	386	0.5457051563
237	388	0.4244373438
237	391	0.5303300859
237	467	0.3441236008
237	478	0.5570860145
237	498	0.6666666667
238	279	0.3233808334
238	387	0.1849000654
238	458	0.4454354032
238	465	0.4166666667
238	499	0.3849001795
239	270	0.5934424261
240	285	0.5241424184
240	323	0.4583492485
240	324	0.4335549848
240	344	0.4454354032
240	348	0.4899789435
240	354	0.3668996929
240	360	0.3779644730
240	368	0.0916698497
240	384	0.1572427255
240	386	0.4583492485
240	398	0.0867109970
240	400	0.5669467095
240	462	0.4583492485
240	478	0.5965830454
240	483	0.4193139347
241	244	0.0952500953
241	246	0.3466876226
241	258	0.4008918629
241	289	0.1290994449
241	295	0.2581988897
241	342	0.1825741858
241	385	0.2451451689
242	282	0.2981423970
242	337	0.3086066999
242	350	0.1072112535
242	382	0.4518480571
242	464	0.3726779962
242	493	0.3311330893
243	278	0.1490711985
243	333	0.1217161239
243	441	0.4045199175
244	245	0.2566324513
244	250	0.0952500953
244	281	0.7642529006
244	298	0.4190790381
244	299	0.4666282626
244	307	0.4827675591
244	310	0.5479490295
244	311	0.3170114792
244	317	0.3891448211
244	320	0.4501830701
244	322	0.4312287725
244	330	0.3279129179
244	333	0.3666177876
244	367	0.3696246622
244	369	0.4370374101
244	371	0.5950226278
244	373	0.5355203650
244	380	0.3063358324
244	409	0.3279129179
244	415	0.3934955015
244	419	0.3607042097
244	421	0.4079015827
244	433	0.4732287073
244	435	0.3496299280
244	444	0.1018266350
244	449	0.3934955015
244	450	0.2932942300
244	453	0.3607042097
244	457	0.3810003810
244	463	0.3607042097
244	468	0.3522349768
244	479	0.3691751923
244	492	0.4732287073
244	494	0.4127504128
244	496	0.2715376933
245	281	0.3696106355
245	302	0.3442651863
246	264	0.1773937188
246	342	0.3544587785
246	398	0.3817708578
246	469	0.3090157216
247	277	0.4518480571
247	291	0.4592793268
247	368	0.5601120336
247	381	0.5000000000
247	394	0.3517632353
247	411	0.4564354646
247	489	0.2886751346
248	279	0.1058512248
248	300	0.1591517535
248	325	0.1259881577
248	397	0.0930484210
248	430	0.1871202971
248	431	0.2817180849
248	432	0.3947710170
248	434	0.2727723628
248	490	0.2864731563
249	265	0.2514778454
249	269	0.3619613830
249	303	0.3418817294
249	319	0.2571297386
249	335	0.2022599587
249	350	0.3167230330
249	370	0.0778498944
249	397	0.2272727273
249	404	0.3102526140
249	480	0.2201927530
249	497	0.3458572319
250	254	0.3162277660
250	342	0.0912870929
250	382	0.3354101966
250	386	0.1819017188
250	447	0.4178145109
250	464	0.5163977795
250	476	0.3768891807
251	281	0.3415885517
251	299	0.2970442629
251	333	0.2800560168
251	373	0.4166547105
251	397	0.1034175380
251	437	0.4537426065
252	269	0.4244373438
252	301	0.4677071733
252	306	0.3849001795
252	350	0.3713906764
252	358	0.1666666667
252	401	0.3818813079
252	427	0.3692744729
252	472	0.4008918629
252	497	0.4461089081
253	262	0.4385290097
253	275	0.2964997267
253	300	0.2427340182
253	404	0.1345345588
253	407	0.2690691176
253	408	0.1875228924
253	430	0.2853908965
253	473	0.4615384615
253	490	0.2831896879
254	350	0.1174440439
254	365	0.2981423970
254	372	0.1632993162
254	406	0.1906925178
254	493	0.2176428750
255	343	0.2860387768
255	434	0.2638224265
255	446	0.3102526140
256	314	0.3698001308
256	316	0.1601281538
256	384	0.3076923077
256	424	0.1048284837
256	443	0.3263569759
256	451	0.3508232077
257	268	0.4618802154
257	308	0.2309401077
257	334	0.1084652289
257	370	0.0816496581
257	403	0.2022599587
257	430	0.2684377461
257	434	0.3633610463
257	471	0.4242640687
257	488	0.3872983346
258	342	0.2439750182
258	376	0.1781741613
258	385	0.4193139347
258	389	0.3585685828
258	398	0.2452557358
258	426	0.3571428571
258	469	0.3474041669
259	300	0.2339043527
259	350	0.0992583334
259	408	0.2258769757
259	490	0.2728884115
260	265	0.4291191239
260	269	0.2352941176
260	292	0.3799802978
260	296	0.2145595620
260	297	0.3619613830
260	332	0.3241018618
260	429	0.4200840252
260	469	0.0900754698
261	264	0.2201927530
261	313	0.3450327797
261	342	0.2828427125
261	359	0.1936491673
261	417	0.1432229748
261	424	0.2927700219
261	425	0.3450327797
261	433	0.1012739367
262	302	0.0942809042
262	430	0.2169304578
262	435	0.1450952500
262	473	0.3508232077
263	265	0.3806934938
263	272	0.4000000000
263	281	0.0661179605
263	292	0.3146266025
263	297	0.2752409413
263	306	0.2981423970
263	327	0.3333333333
263	378	0.3580574370
263	427	0.3496029494
263	480	0.2666666667
264	295	0.3302891295
264	305	0.2335496832
264	424	0.3626203338
264	426	0.2849014411
264	439	0.3656362121
264	470	0.3302891295
265	266	0.2979397858
265	269	0.3575992699
265	273	0.3833490860
265	274	0.2453582460
265	292	0.4876606522
265	296	0.4130434783
265	297	0.4715209601
265	306	0.2837521769
265	350	0.4380685426
265	352	0.2453582460
265	387	0.0817860820
265	401	0.3539191986
265	404	0.3575992699
265	427	0.5444655065
265	429	0.2979397858
265	454	0.4291191239
265	472	0.3546496828
266	290	0.1601281538
266	292	0.3517632353
266	356	0.3726779962
266	384	0.1601281538
266	413	0.2236067977
267	443	0.4730499168
268	300	0.3012974309
268	395	0.3042903097
268	434	0.3872983346
268	444	0.3450327797
268	456	0.2981423970
268	488	0.4472135955
269	272	0.2504897164
269	303	0.3241018618
269	350	0.3603018793
269	401	0.3175536744
269	454	0.2941176471
269	497	0.3934447377
270	334	0.6068660849
270	340	0.5383819021
270	341	0.5275043787
270	355	0.5204834388
270	396	0.6687338551
271	277	0.4616902584
271	278	0.4866642634
271	300	0.0669274481
271	321	0.4103913408
271	364	0.3817708578
271	377	0.4842001247
271	381	0.1986798536
271	394	0.5990422979
271	495	0.5161854012
272	292	0.2247332875
272	296	0.2664854457
272	327	0.3333333333
272	350	0.2876779809
272	395	0.1217161239
272	427	0.2542566905
272	429	0.2236067977
273	297	0.3411211462
273	302	0.0596284794
273	331	0.2752988806
273	350	0.3342516087
273	397	0.2984810029
273	404	0.3395498751
273	413	0.3098386677
273	427	0.4923659639
273	438	0.3500000000
273	460	0.1206045378
274	292	0.2896827298
274	319	0.3344968040
274	327	0.2864459496
275	308	0.3450327797
275	342	0.1463850109
275	360	0.1336306210
275	373	0.1252175807
275	427	0.0986927542
275	430	0.2750095491
275	434	0.2338535867
275	446	0.2291746243
275	488	0.3600411499
276	279	0.4708709558
276	284	0.5604485383
276	351	0.5547001962
276	465	0.4853626717
276	499	0.5604485383
277	291	0.5533985905
277	321	0.4000000000
277	368	0.5423261445
277	377	0.4045199175
277	391	0.1054092553
277	495	0.2795084972
278	291	0.5833333333
278	358	0.3928371007
278	362	0.3779644730
278	377	0.4264014327
278	394	0.6154574549
278	495	0.3535533906
279	287	0.4036036764
279	288	0.3363363970
279	293	0.4850712501
279	306	0.0933520056
279	328	0.2800560168
279	351	0.4850712501
279	465	0.6063390626
279	499	0.4900980294
280	337	0.4285714286
280	382	0.4183300133
280	440	0.5188745217
280	447	0.6451791671
281	298	0.4225001482
281	299	0.4181666988
281	302	0.6298581677
281	304	0.0572598334
281	310	0.5524221570
281	311	0.3195993709
281	317	0.4225001482
281	319	0.0772091436
281	320	0.4271605600
281	322	0.3415885517
281	330	0.3967077629
281	339	0.1026578866
281	369	0.3818577720
281	370	0.4675245822
281	371	0.4999000300
281	373	0.5398920324
281	380	0.3088365746
281	409	0.3636487827
281	415	0.4297667432
281	419	0.3967077629
281	425	0.0684385911
281	433	0.4770918629
281	435	0.3818577720
281	449	0.3967077629
281	450	0.3696106355
281	453	0.3967077629
281	457	0.4481290798
281	463	0.3636487827
281	468	0.3906214533
281	492	0.4268716668
281	494	0.4481290798
282	366	0.2335496832
282	392	0.5504818826
282	402	0.3333333333
282	464	0.3333333333
283	342	0.3299831646
283	412	0.2397316507
283	421	0.1777046633
283	496	0.1380131119
283	497	0.0837707817
284	351	0.4330127019
284	458	0.4629100499
284	465	0.5051814855
285	324	0.4453993341
285	348	0.3268602252
285	386	0.4036036764
285	462	0.4708709558
285	477	0.4961389384
285	478	0.5150262026
285	483	0.3076923077
286	300	0.2339043527
286	373	0.1252175807
286	406	0.4029114820
286	408	0.3614031612
286	434	0.2338535867
286	447	0.0992583334
287	293	0.3466876226
287	321	0.1240347346
287	351	0.3466876226
287	458	0.2223747950
288	325	0.1601281538
288	458	0.3706246583
289	294	0.5520524475
289	316	0.4472135955
289	414	0.3450327797
289	416	0.3892494721
289	441	0.4954336943
289	481	0.5449492609
289	485	0.4830458915
290	301	0.2964997267
290	335	0.1754116039
290	350	0.2575131013
290	397	0.2365249584
290	476	0.1672484020
290	480	0.1432229748
290	496	0.1482498633
290	497	0.2249606353
291	304	0.5138701198
291	321	0.5138701198
291	340	0.0912870929
291	358	0.4124789557
291	362	0.5197011504
291	364	0.3432032365
291	368	0.4716211091
291	374	0.0980580676
291	377	0.4264014327
291	381	0.4592793268
291	383	0.4472135955
291	394	0.7693218186
291	411	0.4472135955
292	297	0.3340213286
292	309	0.1448413649
292	329	0.1005037815
292	336	0.1113404429
292	350	0.3879049103
292	356	0.4045199175
292	378	0.2896827298
292	404	0.2533201986
292	497	0.3953477463
293	328	0.4330127019
293	351	0.3750000000
293	465	0.4375000000
293	478	0.0928476691
293	499	0.3608439182
294	316	0.4629100499
294	318	0.1259881577
294	414	0.5000000000
294	441	0.5698028823
295	318	0.3651483717
295	412	0.2397316507
295	420	0.3892494721
296	301	0.3152441625
296	306	0.3405026123
296	327	0.3045547951
296	335	0.2331262021
296	345	0.2948839123
296	356	0.3426241444
296	378	0.2862512870
296	397	0.2829125761
296	401	0.2252213082
296	404	0.2860794159
296	413	0.3045547951
296	427	0.5807632069
296	438	0.3686048904
296	454	0.2860794159
296	472	0.3940552031
296	474	0.3680373690
296	480	0.2664854457
297	303	0.3418817294
297	350	0.4354941704
297	397	0.3181818182
297	401	0.3256694736
297	427	0.4198911049
297	429	0.3692744729
297	454	0.3102526140
297	497	0.4150286783
298	302	0.3865006029
298	307	0.3689323937
298	322	0.2858309752
298	330	0.3651483717
298	333	0.3628873693
298	334	0.1714985851
298	371	0.3681050869
298	380	0.4264014327
298	453	0.3651483717
299	310	0.3602883461
299	317	0.3367876570
299	320	0.3405026123
299	325	0.1767766953
299	330	0.4216370214
299	367	0.3960590172
299	373	0.3187883565
299	380	0.3077287274
299	421	0.3746343246
299	427	0.0502518908
299	433	0.4003203845
300	308	0.2259730731
300	309	0.2831896879
300	361	0.3012974309
300	363	0.3012974309
300	388	0.0707549138
300	392	0.0621970414
300	403	0.2198997486
300	407	0.3891520257
300	408	0.4931136727
300	410	0.1909821042
300	422	0.2526455763
300	428	0.2638796983
300	434	0.4922943463
300	444	0.2339043527
300	446	0.3252033156
300	455	0.3118724702
300	466	0.3508565290
300	473	0.2831896879
300	486	0.2917299830
300	488	0.3087890377
301	306	0.3086066999
301	356	0.3450327797
301	442	0.2535462764
301	472	0.3571428571
302	307	0.4000000000
302	310	0.4385290097
302	320	0.4662524041
302	330	0.3849001795
302	333	0.4016427174
302	371	0.5587442366
302	373	0.4889012070
302	415	0.4233901974
302	419	0.3464101615
302	421	0.4787898976
302	433	0.3800584750
302	437	0.2788866755
302	449	0.3849001795
302	450	0.3012320380
302	453	0.3849001795
302	468	0.4547940268
302	479	0.3666666667
302	494	0.2981423970
302	497	0.0725476250
303	413	0.2760262237
303	427	0.3289758475
303	480	0.3450327797
303	497	0.3468439878
304	321	0.3000000000
304	358	0.4472135955
304	381	0.3872983346
304	394	0.5060243137
304	489	0.3913118961
304	495	0.2795084972
305	315	0.1951800146
305	318	0.3442651863
305	325	0.2108185107
305	336	0.3503245249
305	338	0.3415650255
305	342	0.4000000000
305	353	0.3012320380
305	384	0.1012739367
305	398	0.3769685175
305	424	0.4485426136
305	436	0.3038218101
305	448	0.4382504901
305	452	0.3038218101
305	469	0.2373222263
305	484	0.3038218101
306	324	0.1324532357
306	345	0.3367876570
306	350	0.3931079294
306	357	0.4667600280
306	397	0.4103049699
306	427	0.4500904012
306	493	0.0883021571
306	497	0.4370733787
307	311	0.3721042038
307	317	0.3162277660
307	320	0.3263766829
307	334	0.1626978434
307	371	0.4539796923
307	373	0.3142936331
307	374	0.1240347346
307	492	0.3508232077
308	316	0.1490711985
308	346	0.2864459496
308	390	0.2760262237
308	434	0.3872983346
308	446	0.2214037214
308	486	0.3227486122
308	488	0.3975231960
308	490	0.2636352520
309	434	0.2080125736
309	462	0.1345345588
310	330	0.4557327152
310	351	0.0980580676
310	367	0.4756514942
310	409	0.4557327152
310	415	0.4050957468
310	419	0.4050957468
310	421	0.4049291436
310	435	0.4949133977
310	444	0.1572427255
310	457	0.4412613041
311	370	0.3038218101
311	433	0.3807498053
311	455	0.1482498633
311	494	0.4160251472
312	317	0.3779644730
312	367	0.3241018618
312	371	0.2504351613
312	380	0.2417468892
312	433	0.3144854510
312	462	0.1296407447
313	342	0.2927700219
313	353	0.3149703942
313	408	0.0903507903
314	349	0.1721325932
314	384	0.3698001308
315	349	0.2760262237
315	385	0.2620712092
315	410	0.1166423687
315	439	0.3208444740
316	441	0.4923659639
316	485	0.3857583749
316	492	0.1132277034
317	333	0.3628873693
317	369	0.3244428423
317	433	0.4160251472
317	463	0.4260064336
318	349	0.3651483717
318	385	0.2773500981
318	423	0.2519763153
318	448	0.3600411499
319	493	0.1383428928
320	370	0.2284160963
320	371	0.4884672068
320	415	0.3768673314
320	419	0.3768673314
320	445	0.2786391063
320	479	0.3263766829
320	496	0.2786391063
321	358	0.4472135955
321	362	0.4183300133
321	377	0.5393598900
321	383	0.4242640687
321	394	0.5449492609
321	415	0.1154700538
321	487	0.3721042038
322	367	0.2941176471
322	496	0.3241018618
323	348	0.4001633653
323	354	0.4036036764
323	372	0.3757345747
323	386	0.5294117647
323	388	0.4117647059
323	391	0.6859943406
323	477	0.3796283012
323	478	0.5404528189
323	483	0.5381382352
323	498	0.4850712501
324	354	0.4453993341
324	372	0.4146442144
324	391	0.3785166493
324	400	0.5161854012
324	467	0.4210526316
324	477	0.4103913408
324	478	0.4260143228
326	340	0.1380131119
326	342	0.2927700219
326	389	0.3585685828
326	412	0.2977750002
326	439	0.3666793988
327	352	0.3580574370
327	401	0.2817180849
327	427	0.2860387768
327	462	0.1252448582
327	480	0.2666666667
328	441	0.1230914910
328	456	0.1666666667
328	458	0.3857583749
329	387	0.4003203845
329	446	0.2970442629
329	486	0.2886751346
329	490	0.2947531724
330	433	0.3544587785
330	441	0.1100963765
330	445	0.2760262237
331	339	0.2452557358
331	357	0.3338489304
331	374	0.1272569526
331	375	0.1147078669
331	404	0.3338489304
331	427	0.3388694968
331	480	0.1777046633
332	357	0.3889222341
332	427	0.3289758475
332	456	0.1543033500
332	497	0.3468439878
333	367	0.4200840252
333	370	0.2810913476
333	371	0.3907235084
333	415	0.3478327965
333	445	0.3600411499
333	484	0.1067521025
333	497	0.0936585812
334	339	0.1296407447
334	340	0.4383570038
334	355	0.4036036764
336	342	0.3113995777
336	391	0.1005037815
336	398	0.3423811916
336	404	0.2068350760
336	412	0.3959037912
336	417	0.2956561980
336	424	0.4029114820
336	427	0.0787295822
336	469	0.4750845495
336	470	0.3853373178
337	402	0.3450327797
337	404	0.1296407447
337	440	0.3706246583
337	447	0.3970333336
337	491	0.4629100499
338	342	0.3903600292
338	379	0.3241018618
338	412	0.2977750002
338	417	0.2964997267
339	401	0.4082482905
339	413	0.3450327797
339	427	0.3289758475
339	442	0.2535462764
340	341	0.4082482905
341	372	0.1632993162
341	396	0.4225771274
342	373	0.0855398923
342	412	0.2712254014
342	425	0.2927700219
342	436	0.2531848418
342	448	0.3187276292
342	484	0.3038218101
343	378	0.2631174058
343	434	0.1976423538
344	348	0.5000000000
344	386	0.6288281455
344	388	0.5144957554
344	391	0.5000000000
344	400	0.5303300859
344	469	0.0875376219
344	477	0.4743416490
344	478	0.6127633533
344	498	0.4714045208
345	349	0.1290994449
345	427	0.3692744729
345	497	0.3244428423
346	395	0.2614881802
346	410	0.3631365196
346	486	0.3466876226
346	490	0.3641010273
347	359	0.1581138830
347	443	0.4341215711
347	475	0.5477225575
348	354	0.3922322703
348	388	0.5716619505
348	391	0.3888888889
348	400	0.4714045208
348	449	0.1217161239
348	462	0.5144957554
348	467	0.2703690352
348	478	0.5689945424
349	398	0.2961744389
349	439	0.3099652099
349	469	0.1438389904
350	416	0.1119785022
350	427	0.4571503209
350	497	0.3916089015
351	408	0.1267731382
351	423	0.1336306210
351	465	0.5625000000
352	408	0.0937614462
352	413	0.2864459496
352	427	0.3413943710
353	385	0.3698001308
353	398	0.3785166493
353	412	0.3063816767
353	424	0.3118047822
353	448	0.4114755999
354	372	0.4296689244
354	391	0.4576043153
354	467	0.3181423815
355	396	0.6671243850
356	427	0.3178208631
356	497	0.2931977358
357	397	0.4136701520
357	427	0.4478110755
357	432	0.1462544848
357	497	0.3934447377
358	394	0.4061811972
359	379	0.2425356250
359	395	0.1178511302
359	398	0.2294157339
359	412	0.3713906764
359	448	0.3273268354
359	470	0.1936491673
360	372	0.3227486122
360	388	0.3031695313
360	391	0.4124789557
360	467	0.4588314677
360	478	0.3713906764
360	498	0.4166666667
361	408	0.3055050463
361	434	0.2904737510
361	446	0.3542459542
362	383	0.4225771274
362	394	0.4652421052
362	487	0.5188745217
363	408	0.3927922024
363	453	0.2000000000
364	368	0.4036036764
364	372	0.1432229748
364	394	0.4345240946
364	417	0.1538461538
364	495	0.4853626717
365	366	0.2842676218
365	376	0.4714045208
365	392	0.4522670169
365	447	0.4814569205
365	461	0.4409585518
365	464	0.3651483717
365	493	0.4866642634
366	382	0.2022599587
366	392	0.3214121733
366	401	0.1315903390
366	436	0.1672484020
367	369	0.2782074420
367	373	0.3030216076
367	435	0.5564148841
367	438	0.1212678125
368	381	0.4200840252
368	432	0.1462544848
368	489	0.3638034376
368	495	0.3031695313
369	370	0.2094269541
369	371	0.3941159001
369	426	0.1226278679
369	433	0.4049291436
369	435	0.3157894737
369	445	0.2452557358
369	479	0.3077935056
369	492	0.4049291436
370	371	0.4562127588
370	373	0.3136462717
370	409	0.3299831646
370	437	0.2439750182
370	449	0.3299831646
370	457	0.2282177323
371	373	0.5853658537
371	415	0.4032389193
371	421	0.3582871820
371	433	0.4287947243
371	437	0.3339135485
371	468	0.4331480818
371	479	0.4190581775
371	486	0.0780868809
371	494	0.4685212857
371	496	0.2504351613
372	386	0.3131121455
372	391	0.4260064336
372	400	0.2581988897
372	436	0.1432229748
372	467	0.3554093267
373	402	0.0806477839
373	415	0.3629150273
373	421	0.3941159001
373	433	0.3675383351
373	437	0.3756527420
373	457	0.4294778452
373	463	0.4838867031
373	468	0.4331480818
373	479	0.3142936331
373	494	0.3904344047
374	393	0.3817708578
374	443	0.3807498053
375	403	0.3015113446
375	430	0.3429971703
375	434	0.2500000000
375	490	0.3281962309
376	447	0.4332891224
376	461	0.4454354032
376	464	0.3442651863
376	493	0.3823595565
377	394	0.4198911049
377	458	0.1611645928
377	487	0.4181210050
378	392	0.1182624792
378	413	0.3580574370
378	427	0.2731154968
379	412	0.3152641444
379	425	0.2592814894
379	439	0.2911616158
379	484	0.3363363970
381	394	0.4522670169
381	487	0.3202563076
382	440	0.3721042038
382	447	0.5397956190
382	461	0.3585685828
382	464	0.4041451884
382	491	0.3227486122
383	394	0.4403855061
383	433	0.1240347346
383	438	0.1581138830
385	389	0.4385290097
385	412	0.1820892602
385	420	0.2956561980
385	424	0.3335621925
385	426	0.3668996929
385	437	0.1048284837
386	391	0.5144957554
386	477	0.5423261445
386	478	0.5854905538
386	498	0.5659164584
387	430	0.2853908965
387	490	0.3641010273
388	391	0.5144957554
388	400	0.4244373438
388	424	0.0916698497
388	462	0.2941176471
388	478	0.5404528189
388	483	0.3363363970
389	424	0.3380617019
389	452	0.3721042038
389	463	0.1154700538
389	482	0.2696799450
390	408	0.3614031612
390	430	0.3208444740
390	434	0.3340765524
390	490	0.4288246466
390	492	0.1572427255
391	477	0.3689323937
391	478	0.5689945424
391	483	0.3268602252
391	498	0.6285393611
392	447	0.5542653077
392	461	0.5128225941
392	464	0.4403855061
392	479	0.0953462589
392	491	0.3077287274
392	493	0.4891159880
393	422	0.1324532357
393	443	0.4949133977
394	411	0.4954336943
394	435	0.1198084596
394	487	0.3862436397
394	495	0.3916747259
395	434	0.2946278255
395	446	0.2829582292
395	488	0.3175264481
397	427	0.3936479108
397	497	0.4150286783
398	412	0.2556085937
398	424	0.3901994863
398	439	0.3541002639
398	499	0.1324532357
399	430	0.2475368857
399	434	0.2886751346
399	448	0.1259881577
399	490	0.3368607684
400	429	0.1443375673
400	462	0.6063390626
400	477	0.5031152949
400	478	0.5106621800
401	427	0.4029114820
401	431	0.1126872340
401	497	0.3539961627
402	491	0.3726779962
403	430	0.3619613830
404	427	0.3881029321
404	474	0.3363363970
404	497	0.2360668426
405	424	0.3668996929
405	425	0.4447495900
405	439	0.4280863447
405	469	0.3090157216
406	408	0.2548235957
406	444	0.2417468892
406	446	0.2585438450
406	472	0.1611645928
406	490	0.2638796983
407	434	0.3941203907
407	490	0.2830196551
408	430	0.3188740696
408	431	0.2618614683
408	434	0.4014482710
408	455	0.2710523709
408	456	0.1951800146
408	460	0.2548235957
408	466	0.3162277660
409	419	0.4666666667
409	446	0.0885614886
410	427	0.0805822964
410	430	0.3368165349
410	434	0.3546040716
410	459	0.4665694748
410	460	0.3289758475
410	473	0.5447047794
410	490	0.4137945592
411	489	0.5533985905
412	417	0.3090157216
412	452	0.1545078608
412	469	0.3448275862
412	495	0.0928476691
413	427	0.3496029494
413	438	0.3872983346
414	469	0.0992583334
414	474	0.1482498633
414	481	0.4029114820
415	433	0.4050957468
415	435	0.4146442144
415	463	0.3333333333
416	481	0.3636363636
417	469	0.2575131013
417	477	0.1240347346
418	481	0.4181210050
418	485	0.5188745217
419	433	0.3038218101
419	443	0.1012739367
420	478	0.1679677533
421	479	0.4103913408
422	434	0.3608439182
423	439	0.3208444740
423	469	0.2481458335
424	425	0.3535533906
424	439	0.3889222341
424	448	0.3299144395
424	469	0.4913036844
424	470	0.3903600292
424	482	0.3418817294
425	446	0.0916698497
426	467	0.1839418018
427	434	0.0615457455
427	437	0.0657951695
427	438	0.3385016002
427	454	0.3283947887
427	468	0.0682788742
427	472	0.3618734322
427	474	0.3755338081
427	497	0.4592657617
428	434	0.3392002626
429	497	0.2341464529
430	446	0.3529411765
430	453	0.0885614886
430	459	0.4125143237
430	466	0.4125143237
430	486	0.1714985851
430	488	0.3300491810
430	490	0.4502815139
431	434	0.4195731958
431	488	0.3975231960
432	434	0.3015113446
433	449	0.4050957468
434	456	0.3247595264
434	459	0.3006688972
434	460	0.2638224265
434	471	0.3162277660
434	473	0.2773500981
434	477	0.0559016994
434	486	0.2812500000
434	488	0.4570689631
434	490	0.4193618506
435	467	0.1052631579
436	439	0.2853908965
437	492	0.2620712092
438	480	0.2581988897
438	497	0.2838874870
439	448	0.4116646537
439	452	0.4280863447
439	464	0.0885614886
439	480	0.1328422328
440	447	0.4635235824
441	481	0.3856946079
441	485	0.5698028823
443	451	0.4341215711
443	475	0.3396831102
443	489	0.1470871014
444	488	0.4114755999
445	492	0.3144854510
446	459	0.3666793988
446	466	0.4583492485
446	490	0.4252658743
447	454	0.0900754698
447	461	0.4962916670
447	464	0.5274096316
447	491	0.4824506407
447	493	0.4260143228
448	452	0.5447047794
449	492	0.3544587785
450	490	0.0842151921
450	492	0.3396831102
453	492	0.3544587785
454	480	0.3131121455
454	497	0.3934447377
456	490	0.2947531724
458	465	0.4008918629
459	488	0.4114755999
460	485	0.1611645928
462	467	0.3338489304
462	477	0.4880935301
462	478	0.4954150840
463	494	0.3872983346
464	476	0.4670993665
467	478	0.4260143228
467	483	0.3181423815
467	498	0.3823595565
469	470	0.3356243110
469	482	0.2799462555
471	488	0.4260064336
473	490	0.4045566970
475	487	0.1601281538
476	493	0.3458572319
477	478	0.5813183590
478	483	0.5150262026
478	498	0.5570860145
479	492	0.3069703068
